Word,POS,Frequency
li,COMP,140940
l-,DEF,124719
u,CONJ-CORD,94963
ta',GEN,70454
il-,DEF,68286
tal-,GEN-DEF,60455
fil-,PREP-DEF,25312
ma,NEG,23425
minn,PREP,22908
mill-,PREP-DEF,19790
ta',VERB,19076
f',PREP,18842
jew,CONJ-CORD,18718
biex,CONJ-SUB,18448
fl-,PREP-DEF,17482
għal,PREP,17216
fuq,PREP,16882
dan,PRON-DEM,16490
għall-,PREP-DEF,16389
kien,KIEN,16319
Il-,DEF,15020
qed,PROG,13220
se,FUT,12681
L-,DEF,11931
xi,QUAN,11601
kif,PRON-INT,11449
b',PREP,11364
din,PRON-DEM,11107
it-,DEF,10304
is-,DEF,10257
sena,NOUN,9759
lill-,LIL-DEF,9620
hemm,HEMM,9452
lil,LIL,9207
meta,CONJ-SUB,9169
Malta,NOUN-PROP,8630
jkun,KIEN,8603
f',NOUN,8457
dawn,PRON-DEM,8348
kull,QUAN,8312
tiegħu,GEN-PRON,8199
oħra,ADJ,8097
wara,PREP,8065
dwar,PREP,7840
id-,DEF,7634
ir-,DEF,7569
tkun,KIEN,7505
dak,PRON-DEM,7503
għandu,VERB-PSEU,7370
ukoll,FOC,7188
fejn,PRON-INT,7039
mhux,PRON-PERS-NEG,6842
kienet,KIEN,6788
kienu,KIEN,6725
bil-,PREP-DEF,6696
tat-,GEN-DEF,6646
tas-,GEN-DEF,6620
aktar,ADV,6566
bħala,PREP,6373
mal-,PREP-DEF,6328
huma,PRON-PERS,6319
jekk,CONJ-SUB,6319
t-,DEF,6167
huwa,PRON-PERS,6100
ewwel,NUM-ORD,6025
hu,PRON-PERS,5963
Ministru,NOUN,5912
għandhom,VERB-PSEU,5882
ma',PREP,5695
ta',NOUN,5688
fi,PREP,5627
dawk,PRON-DEM,5552
tagħhom,GEN-PRON,5468
tad-,GEN-DEF,5319
fis-,PREP-DEF,5288
wieħed,NUM-WHD,5196
d-,DEF,5186
s-,DEF,5165
b',NOUN,5156
ikun,KIEN,5102
kollha,QUAN,5074
kemm,PRON-INT,5007
Dan,PRON-DEM,4810
ħafna,QUAN,4803
jista',VERB,4793
għax,CONJ-SUB,4728
hekk,ADV,4705
wkoll,FOC,4640
min,PRON-INT,4597
imma,CONJ-CORD,4526
mod,NOUN,4500
bl-,PREP-DEF,4459
biss,FOC,4439
żmien,NOUN,4291
għandha,VERB-PSEU,4268
jkunu,KIEN,4137
hija,PRON-PERS,4118
fit-,PREP-DEF,4057
tar-,GEN-DEF,4043
bejn,PREP,3978
r-,DEF,3958
tagħha,GEN-PRON,3942
istess,ADJ,3879
Regolament,NOUN,3847
snin,NOUN,3811
xogħol,NOUN,3731
dik,PRON-DEM,3692
hi,PRON-PERS,3678
taħt,PREP,3668
ftit,QUAN,3622
Gvern,NOUN,3610
nies,NOUN,3487
żewġ,NUM-CRD,3476
iżda,CONJ-CORD,3470
qal,VERB,3439
lejn,PREP,3379
persuna,NOUN,3372
kontra,PREP,3317
post,NOUN,3317
jiġi,VERB,3305
jiġu,VERB,3285
x',PRON-INT,3239
qabel,PREP,3131
darba,NOUN,3113
bħal,PREP,3100
waħda,NUM-WHD,3096
skond,PREP,3047
ikunu,KIEN,3001
ieħor,ADJ,2892
dejjem,ADV,2843
ħin,NOUN,2840
iż-,DEF,2838
fid-,PREP-DEF,2776
in-,DEF,2744
każ,NOUN,2740
ħafna,ADV,2717
Din,PRON-DEM,2711
m',NEG,2706
xejn,PRON-INDEF,2705
kont,KIEN,2701
tfal,NOUN,2676
U,CONJ-CORD,2643
minħabba,PREP,2599
jistgħu,VERB,2586
waqt,PREP,2572
-il,NOUN,2571
bi,PREP,2568
sabiex,CONJ-SUB,2560
aħħar,ADJ,2548
tim,NOUN,2495
kollox,PRON-INDEF,2482
sa,PREP,2478
Meta,CONJ-SUB,2439
ħaġa,NOUN,2415
tista',VERB,2404
Fil-,PREP-DEF,2390
parti,NOUN,2364
issa,ADV,2356
jagħmel,VERB,2354
Fl-,PREP-DEF,2351
tiġi,VERB,2348
aħħar,NOUN,2343
tagħna,GEN-PRON,2316
ġie,VERB,2306
jgħid,VERB,2302
matul,PREP,2276
Kummissjoni,NOUN,2232
pajjiż,NOUN,2227
ħajja,NOUN,2217
ix-,DEF,2209
familja,NOUN,2205
kellu,VERB-PSEU,2205
persuni,NOUN,2189
anke,FOC,2183
Malti,ADJ,2167
Kunsill,NOUN,2165
numru,NOUN,2148
kollu,QUAN,2133
fir-,PREP-DEF,2123
qatt,ADV,2100
jien,PRON-PERS,2100
It-,DEF,2086
tliet,NUM-CRD,2084
flimkien,ADV,2072
għat-,PREP-DEF,2031
tiegħi,GEN-PRON,2029
aktar,ADJ,2015
tax-,GEN-DEF,2006
ġew,VERB,2002
mingħajr,PREP,1978
Jekk,CONJ-SUB,1959
permezz,NOUN,1945
dinja,NOUN,1927
ebda,QUAN,1902
Artikolu,NOUN,1895
Wara,PREP,1875
fatt,NOUN,1867
informazzjoni,NOUN,1860
hawn,ADV,1859
tieni,NUM-ORD,1858
lura,ADV,1857
iktar,ADV,1843
ħadd,PRON-INDEF,1831
diversi,ADJ,1828
bżonn,NOUN,1817
Ewropea,ADJ,1802
ONOR.,NOUN-PROP,1798
għaliex,PRON-INT,1781
logħba,NOUN,1773
għajnuna,NOUN,1764
Artikolu,NOUN-PROP,1761
pajjiżi,NOUN,1759
ma,COMP,1755
San,NOUN-PROP,1742
madwar,PREP,1730
ma',NOUN,1729
kbira,ADJ,1715
Imma,CONJ-CORD,1712
President,NOUN,1709
Għawdex,NOUN-PROP,1709
tan-,GEN-DEF,1708
għas-,PREP-DEF,1706
jagħmlu,VERB,1704
Is-,DEF,1685
n-,DEF,1684
naħa,NOUN,1684
nazzjonali,ADJ,1680
ġdid,ADJ,1676
ġej,PART-ACT,1673
F',PREP,1666
dar,NOUN,1664
Ir-,DEF,1648
ġimgħa,NOUN,1645
bla,PREP,1638
barra,ADV,1629
Dawn,PRON-DEM,1600
Id-,DEF,1594
pjanti,NOUN,1593
Ma,NEG,1582
filwaqt,CONJ-SUB,1573
sar,VERB,1568
minnhom,PREP-PRON,1563
differenti,ADJ,1562
xhur,NOUN,1559
tagħmel,VERB,1556
servizz,NOUN,1543
iżjed,ADV,1542
taż-,GEN-DEF,1525
quddiem,PREP,1523
ġurnata,NOUN,1521
mit-,PREP-DEF,1519
Awtorità,NOUN,1497
Prim,ADJ,1490
Partit,NOUN,1478
għalhekk,ADV,1477
ssir,VERB,1472
Huwa,PRON-PERS,1472
membri,NOUN,1468
ilma,NOUN,1456
aħna,PRON-PERS,1456
fih,PREP-PRON,1455
Alla,NOUN-PROP,1450
Kien,KIEN,1448
Iżda,CONJ-CORD,1447
milli,CONJ-SUB,1441
billi,CONJ-SUB,1431
Knisja,NOUN,1430
kulħadd,PRON-INDEF,1429
mid-,PREP-DEF,1421
jagħti,VERB,1421
affarijiet,NOUN,1419
mis-,PREP-DEF,1417
fost,PREP,1414
Att,NOUN,1412
saret,VERB,1407
Maltin,NOUN,1396
għamel,VERB,1394
flus,NOUN,1394
"""",NOUN,1393
għadda,VERB,1392
għandna,VERB-PSEU,1389
Parlament,NOUN,1379
isem,NOUN,1377
prodotti,NOUN,1374
x-,DEF,1370
kbir,ADJ,1366
kellhom,VERB-PSEU,1357
importanti,ADJ,1356
iċ-,DEF,1352
art,NOUN,1342
jsir,VERB,1340
nhar,NOUN,1336
liġi,NOUN,1326
Maltin,ADJ,1321
saħħa,NOUN,1321
pajjiżna,NOUN,1320
Papa,NOUN,1309
ġiet,VERB,1297
Membri,NOUN,1296
għar-,PREP-DEF,1293
sal-,PREP-DEF,1293
fiha,PREP-PRON,1291
beda,VERB,1268
minuta,NOUN,1264
tajjeb,ADV,1263
jieħu,VERB,1258
Ewropew,ADJ,1258
ikel,NOUN,1256
Jien,PRON-PERS,1237
',NOUN,1233
punt,NOUN,1232
nofs,NUM-FRC,1231
aħjar,ADJ,1230
soċjali,ADJ,1214
għad-,PREP-DEF,1212
llum,ADV,1212
użu,NOUN,1201
sistema,NOUN,1198
applikazzjoni,NOUN,1195
ż-,DEF,1194
Kumitat,NOUN,1191
Istati,NOUN,1186
disposizzjonijiet,NOUN,1181
poplu,NOUN,1179
iktar,ADJ,1175
miljun,NOUN,1169
raġel,NOUN,1167
trid,VERB,1166
Maltija,ADJ,1166
xahar,NOUN,1159
gvern,NOUN,1157
Unjoni,NOUN,1156
kienx,KIEN,1154
'l,PREP,1154
data,NOUN,1151
sakemm,CONJ-SUB,1140
suq,NOUN,1137
ngħid,VERB,1135
grupp,NOUN,1133
bidu,NOUN,1132
pjanta,NOUN,1130
rapport,NOUN,1128
ħames,NUM-CRD,1127
tant,ADV,1121
jieħdu,VERB,1120
ġejjin,PART-ACT,1120
stess,PRON-REF,1115
jkollhom,VERB-PSEU,1109
tfisser,VERB,1102
naraw,VERB,1101
ser,FUT,1091
sehem,NOUN,1090
Istat,NOUN,1087
bniedem,NOUN,1085
Jista',VERB,1081
għan,NOUN,1078
tgħid,VERB,1073
jidher,VERB,1071
servizzi,NOUN,1064
Membru,NOUN,1064
ġodda,ADJ,1062
Nazzjonalista,ADJ,1058
ħaddiema,NOUN,1056
tip,NOUN,1055
iskor,NOUN,1049
isir,VERB,1046
għadu,VERB-PSEU,1045
programm,NOUN,1043
partikolari,ADJ,1043
Mhux,PRON-PERS-NEG,1042
familji,NOUN,1042
nuqqas,NOUN,1042
Kull,QUAN,1039
kumpanija,NOUN,1035
triq,NOUN,1032
ħsieb,NOUN,1032
jaf,VERB,1028
irid,VERB,1027
ta,VERB,1025
deċiżjoni,NOUN,1024
sitt,NUM-CRD,1024
illi,COMP,1024
sew,ADV,1019
futbol,NOUN,1019
fix-,PREP-DEF,1016
qiegħed,PROG,1015
Komunità,NOUN,1014
mara,NOUN,1013
esperjenza,NOUN,1011
bis-,PREP-DEF,999
Għalhekk,ADV,998
Minn,PREP,998
jkunx,KIEN,994
tajba,ADJ,992
kliem,NOUN,990
ammont,NOUN,987
kellha,VERB-PSEU,987
livell,NOUN,985
taċ-,GEN-DEF,982
plejers,NOUN,982
weraq,NOUN,975
xorta,NOUN,968
Newsbook,NOUN-PROP,964
inqas,ADJ,962
oħrajn,ADJ,960
qegħdin,PROG,957
qalet,VERB,956
sitwazzjoni,NOUN,952
gowl,NOUN,951
jaħdmu,VERB,950
jkollu,VERB-PSEU,949
ilu,PREP,946
Bord,NOUN,946
meħtieġa,PART-PASS,942
perjodu,NOUN,941
Valletta,NOUN-PROP,940
miżuri,VERB,939
proġett,NOUN,939
tiegħek,GEN-PRON,936
oħrajn,NOUN,936
żgħażagħ,NOUN,935
saru,VERB,934
għalkemm,CONJ-SUB,934
dawl,NOUN,932
ħsara,NOUN,932
ta',ADJ,927
Pulizija,NOUN,926
dħul,NOUN,924
Għal,PREP,921
TA',GEN,921
Artikolu,VERB,913
lokali,ADJ,911
kbar,ADJ,909
ġdida,ADJ,906
artikolu,NOUN,906
dritt,NOUN,902
ġenerali,ADJ,901
jibda,VERB,901
awtorità,NOUN,900
Ewropa,NOUN-PROP,899
mat-,PREP-DEF,897
jibqa',VERB,889
Mejju,NOUN-PROP,889
għalih,PREP-PRON,888
liema,PRON-INT,887
B',PREP,887
paragrafu,NOUN,886
jinsab,VERB,885
minkejja,PREP,884
problemi,NOUN,881
referenza,NOUN,875
Joseph,NOUN-PROP,872
fosthom,PREP-PRON,869
qasam,NOUN,868
laqgħa,NOUN,867
ilu,VERB-PSEU,865
attivitajiet,NOUN,865
nisa,NOUN,861
Għall-,PREP-DEF,861
forsi,ADV,858
Hu,PRON-PERS,856
bażi,NOUN,853
tnejn,NUM-CRD,852
mir-,PREP-DEF,851
nagħmlu,VERB,847
Ħadd,NOUN-PROP,846
Jannar,NOUN-PROP,845
miegħu,PREP-PRON,844
lanqas,FOC,842
internazzjonali,ADJ,842
żieda,NOUN,841
ħidma,NOUN,837
plejer,NOUN,836
logħob,NOUN,836
ċ-,DEF,836
jiġri,VERB,835
bdiet,VERB,834
tielet,NUM-ORD,833
Ġunju,NOUN-PROP,832
tmiem,NOUN,832
hemm,ADV,828
x',NOUN,822
għalihom,PREP-PRON,822
produzzjoni,NOUN,821
klabb,NOUN,819
karozza,NOUN,818
allura,ADV,818
minnu,PREP-PRON,817
Kif,PRON-INT,816
bit-,PREP-DEF,815
sajf,NOUN,814
Qorti,NOUN,813
akbar,ADJ,813
jum,NOUN,813
kelli,VERB-PSEU,812
f',ADJ,812
Parlamentari,ADJ,809
Ġenerali,ADJ,808
ħa,VERB,808
kowċ,NOUN,808
speċjali,ADJ,804
istudenti,NOUN,803
Kamra,NOUN,802
bir-,PREP-DEF,802
iskola,NOUN,799
ftehim,NOUN,796
kampjonat,NOUN,794
ferm,ADV,794
responsabbli,ADJ,792
tieħu,VERB,789
Muscat,NOUN-PROP,789
għaddiet,VERB,787
kważi,ADV,787
ċerti,QUAN,785
illum,ADV,785
Ewropej,ADJ,784
'il,PREP,783
Nazzjonali,ADJ,783
Settembru,NOUN-PROP,782
lit-,LIL-DEF,781
rebħa,NOUN,780
konna,KIEN,779
problema,NOUN,775
bdew,VERB,774
tifel,NOUN,771
baħar,NOUN,770
jagħtu,VERB,769
istaġun,NOUN,768
Segretarju,NOUN,768
min-,PREP-DEF,768
drittijiet,NOUN,767
anki,FOC,766
lum,NOUN,766
wisq,ADV,765
talba,NOUN,765
tajjeb,ADJ,763
aħjar,ADV,762
nistgħu,VERB,761
Ottubru,NOUN-PROP,759
għadhom,VERB-PSEU,759
staqsa,VERB,759
attività,NOUN,759
Fi,PREP,759
bosta,QUAN,759
F',NOUN-PROP,756
jara,VERB,755
Illum,ADV,755
diġà,ADV,753
kuljum,ADV,753
membru,NOUN,751
magħhom,PREP-PRON,748
finanzjarja,ADJ,748
soċjetà,NOUN,747
kondizzjonijiet,NOUN,745
tagħti,VERB,740
istorja,NOUN,738
fihom,PREP-PRON,735
kors,NOUN,735
residenti,NOUN,734
tard,ADV,730
settur,NOUN,730
Laburista,ADJ,729
t',GEN,727
issir,VERB,726
Diċembru,NOUN-PROP,725
ħlas,NOUN,723
minuti,NOUN,719
meħtieġ,PART-PASS,718
jaħdem,VERB,717
Belt,NOUN,714
Direttur,NOUN,713
xulxin,PRON-REC,711
Waqt,PREP,710
jsiru,VERB,710
Kap,NOUN,708
erba',NUM-CRD,703
com,NOUN,701
prodott,NOUN,699
fondi,NOUN,698
seħħ,NOUN,697
Biex,CONJ-SUB,697
Oppożizzjoni,NOUN,696
jingħata,VERB,695
tingħata,VERB,695
diffiċli,ADJ,694
mewt,NOUN,692
ikollu,VERB-PSEU,692
oġġetti,NOUN,692
Arċisqof,NOUN,689
regoli,NOUN,689
Hemm,HEMM,688
Marzu,NOUN-PROP,687
preżenti,ADJ,687
parlamentari,ADJ,683
Matul,PREP,683
isiru,VERB,682
in,PREP,682
siegħa,NOUN,681
ġenituri,NOUN,681
għada,ADV,675
Issa,ADV,675
jiem,NOUN,674
qabel,ADV,672
punti,NOUN,668
ngħidu,VERB,668
mil-,PREP-DEF,668
kellna,VERB-PSEU,668
malajr,ADV,668
jidħol,VERB,667
inkella,ADV,667
Triq,NOUN,665
Min,PRON-INT,665
ambjent,NOUN,664
drabi,NOUN,664
ħadu,VERB,664
tibda,VERB,660
żgħar,ADJ,660
mistoqsija,NOUN,660
proċess,NOUN,660
kieku,CONJ-SUB,659
komuni,ADJ,657
jkollha,VERB-PSEU,657
April,NOUN-PROP,655
tibqa',VERB,654
ġo,PREP,654
rigward,NOUN,653
regolamenti,NOUN,653
jiġifieri,VERB,653
kompetenti,ADJ,651
Italja,NOUN-PROP,650
quddiem,ADV,650
Borg,NOUN-PROP,649
politika,NOUN,649
nagħmel,VERB,647
Lulju,NOUN-PROP,647
sens,NOUN,646
Kemm,PRON-INT,645
taqsima,NOUN,645
kelma,NOUN,644
Isqof,NOUN,639
msemmija,PART-PASS,639
TAL-,GEN-DEF,639
Sur,NOUN,638
finali,ADJ,637
azzjoni,NOUN,636
għandux,VERB-PSEU,636
weraq,VERB,632
skont,PREP,631
prezz,NOUN,631
mogħtija,PART-PASS,629
elezzjoni,NOUN,628
fin-,PREP-DEF,626
jridu,VERB,625
jibdew,VERB,623
sentejn,NOUN,623
imħabba,NOUN,622
jgħixu,VERB,622
awtoritajiet,NOUN,621
bħalissa,ADV,620
annimali,NOUN,619
Grech,NOUN-PROP,618
finali,NOUN,617
John,NOUN-PROP,617
gowls,NOUN,613
pulizija,NOUN,613
jibqgħu,VERB,613
riżultat,NOUN,612
aqwa,ADJ,611
Fuq,PREP,611
Ministeru,NOUN,610
mt,VERB,608
jinsabu,VERB,608
wasal,VERB,608
naħseb,VERB,607
interess,NOUN,606
organizzazzjoni,NOUN,604
juri,VERB,603
kontroll,NOUN,602
fiċ-,PREP-DEF,602
ħlief,PREP,600
pubbliku,NOUN,599
sostna,VERB,597
de,NOUN-PROP,597
għadha,VERB-PSEU,597
jingħataw,VERB,595
Farrugia,NOUN-PROP,595
jrid,VERB,594
raġuni,NOUN,592
m',NOUN,591
ċans,NOUN,591
ċertifikat,NOUN,590
ikbar,ADJ,588
hemmx,HEMM,588
int,PRON-PERS,587
tara,VERB,586
tkunx,KIEN,586
kummenti,NOUN,584
postijiet,NOUN,584
magħmula,PART-PASS,584
suċċess,NOUN,583
Sibt,NOUN-PROP,583
mistenni,PART-PASS,582
partita,NOUN,579
biżżejjed,QUAN,578
hawn,HEMM,578
tarbija,NOUN,578
nkunu,KIEN,578
imsemmi,PART-PASS,577
għadd,NOUN,576
messaġġ,NOUN,576
baqa',VERB,575
bid-,PREP-DEF,573
uffiċjali,ADJ,573
jidħlu,VERB,571
naf,VERB,571
X',PRON-INT,571
għamlu,VERB,570
hawnhekk,ADV,570
daqqa,NOUN,570
Li,COMP,568
applikabbli,ADJ,568
Tazza,NOUN,567
lejl,NOUN,563
kontijiet,NOUN,562
età,NOUN,562
kapaċi,ADJ,562
qalb,NOUN,561
pubbliku,ADJ,560
qegħdin,PART-ACT,559
fiż-,PREP-DEF,559
Vella,NOUN-PROP,558
mhix,PRON-PERS-NEG,557
għandi,VERB-PSEU,557
Zammit,NOUN-PROP,556
eżempju,NOUN,554
Dar,NOUN,554
rata,NOUN,552
tifla,NOUN,552
għad,VERB-PSEU,552
t',VERB,551
permess,NOUN,551
tinsab,VERB,548
fjuri,NOUN,547
Minkejja,PREP,546
proċedura,NOUN,546
magħrufa,PART-PASS,546
favur,PREP,545
kariga,NOUN,545
mas-,PREP-DEF,544
Ingilterra,NOUN-PROP,543
Fit-,PREP-DEF,543
United,NOUN-PROP,543
bħalma,CONJ-SUB,543
ġewwa,PREP,542
isptar,NOUN,542
xemx,NOUN,541
produtturi,NOUN,540
ġimgħat,NOUN,540
uffiċjal,NOUN,539
mument,NOUN,539
biċċa,NOUN,539
valur,NOUN,538
Kummissarju,NOUN,538
personali,ADJ,537
rridu,VERB,537
qiegħed,PART-ACT,537
omm,NOUN,536
proprjetà,NOUN,536
għelbu,VERB,535
bini,NOUN,534
imsemmija,PART-PASS,533
Dak,PRON-DEM,531
ftit,ADV,531
taxxa,NOUN,530
awtorizzazzjoni,NOUN,530
ordni,NOUN,529
eks,ADJ,526
belt,NOUN,525
Awstralja,NOUN-PROP,524
partijiet,NOUN,524
Novembru,NOUN-PROP,524
Birkirkara,NOUN-PROP,523
mużika,NOUN,523
stabbilit,PART-PASS,523
magħruf,PART-PASS,522
partit,NOUN,522
Stat,NOUN,522
rebħu,VERB,521
forma,NOUN,519
Kont,KIEN,519
mbagħad,ADV,519
għaliha,PREP-PRON,519
tkellem,VERB,519
diskors,NOUN,518
għal-,PREP-DEF,518
Dipartiment,NOUN,518
ġara,VERB,516
Università,NOUN,516
Fost,PREP,515
ktieb,NOUN,515
kompetizzjoni,NOUN,515
ħareġ,VERB,514
pożizzjoni,NOUN,514
japplika,VERB,513
bogħod,NOUN,513
stabbiliti,PART-PASS,512
ħalli,CONJ-SUB,510
Fr,NOUN-PROP,510
mija,NUM-CRD,509
spiċċa,VERB,508
żgħira,ADJ,508
toroq,NOUN,508
mingħand,PREP,508
mad-,PREP-DEF,505
Frar,NOUN-PROP,504
opinjoni,NOUN,504
ċertu,QUAN,503
kampanja,NOUN,502
effett,NOUN,501
jistabbilixxi,VERB,501
minflok,PREP,501
Pawlu,NOUN-PROP,501
pjan,NOUN,501
rebaħ,VERB,500
taf,VERB,500
speċjalment,ADV,500
edukazzjoni,NOUN,499
joħroġ,VERB,499
Ħal,NOUN-PROP,499
filgħaxija,ADV,498
ballun,NOUN,497
Uniti,ADJ,496
Dinja,NOUN,496
ma',PART-PASS,495
xieraq,PART-ACT,495
ewro,NOUN,493
jistax,VERB,493
B',NOUN-PROP,493
Abbozz,NOUN,493
miktub,PART-PASS,492
magħha,PREP-PRON,492
għaddej,PART-ACT,491
ġid,NOUN,491
kmieni,ADV,490
Joe,NOUN-PROP,490
kuntratt,NOUN,490
kwalità,NOUN,489
isport,NOUN,489
ħabs,NOUN,487
ogħla,ADJ,485
In-,DEF,485
Finanzi,NOUN,485
għoxrin,NUM-CRD,484
għandhomx,VERB-PSEU,484
futur,NOUN,483
Liġi,NOUN,482
faċli,ADJ,482
għaddew,VERB,482
Madankollu,ADV,482
ekonomija,NOUN,482
żgħir,ADJ,482
minnha,PREP-PRON,482
Qormi,NOUN-PROP,481
ifisser,VERB,479
Busuttil,NOUN-PROP,479
seta',VERB,479
sħiħ,ADJ,478
Mill-,PREP-DEF,477
linja,NOUN,477
inċident,NOUN,477
filgħodu,ADV,476
suġġett,NOUN,476
għażla,NOUN,476
għandek,VERB-PSEU,475
għaqda,NOUN,475
aktarx,ADV,471
timijiet,NOUN,471
tmur,VERB,469
kwistjoni,NOUN,469
daqs,PREP,469
suppost,ADV,468
ikollhom,VERB-PSEU,468
Kienet,KIEN,467
Copyright,NOUN,467
Scicluna,NOUN-PROP,467
nista',VERB,467
Milied,NOUN,466
tkompli,VERB,466
Mario,NOUN-PROP,464
taħdem,VERB,463
inqas,ADV,463
lista,NOUN,463
klassi,NOUN,463
tassew,ADV,462
żona,NOUN,462
fuqu,PREP-PRON,462
politika,ADJ,461
jkunux,KIEN,461
ħbieb,NOUN,461
jgħaddi,VERB,461
bejgħ,NOUN,460
opportunità,NOUN,460
Aġenzija,NOUN,459
imbagħad,ADV,458
tmexxija,NOUN,458
irridu,VERB,458
Hekk,ADV,458
importazzjoni,NOUN,456
soltu,NOUN,454
japplikaw,VERB,454
juru,VERB,453
vantaġġ,NOUN,453
Iż-,DEF,453
Dun,NOUN-PROP,453
Għalkemm,CONJ-SUB,453
seħħ,VERB,453
iżvilupp,NOUN,453
prinċipali,ADJ,453
partiti,NOUN,452
mar,VERB,451
Direttiva,NOUN,451
proċeduri,NOUN,451
bħall-,PREP-DEF,450
tibdil,NOUN,450
studju,NOUN,449
qiegħda,PROG,449
tagħrif,NOUN,449
mard,NOUN,449
appoġġ,NOUN,449
raġunijiet,NOUN,448
liċenża,NOUN,447
taħriġ,NOUN,446
għaxar,NUM-CRD,446
kura,NOUN,446
ajruplan,NOUN,445
edizzjoni,NOUN,444
okkażjoni,NOUN,444
għalija,PREP-PRON,444
D,NOUN,443
qalu,VERB,442
jerġa',VERB,442
Facebook,NOUN-PROP,440
idejn,NOUN,440
żgur,ADV,440
isfel,ADV,440
ħabta,NOUN,440
perijodu,NOUN,439
tfajla,NOUN,439
festa,NOUN,438
possibbli,ADJ,438
jkollna,VERB-PSEU,438
gruppi,NOUN,437
turi,VERB,437
liġijiet,NOUN,437
xitwa,NOUN,437
kumpaniji,NOUN,437
ħwejjeġ,NOUN,437
lis-,LIL-DEF,437
però,CONJ-CORD,436
bdejt,VERB,436
kompost,NOUN,436
ruħu,PRON-REF,434
Lokali,ADJ,433
jafu,VERB,433
sit,NOUN,433
simili,ADJ,432
ħdan,NOUN,432
tinkludi,VERB,431
Unit,ADJ,431
karozzi,NOUN,429
importanza,NOUN,429
Ġimgħa,NOUN-PROP,428
enerġija,NOUN,427
Fenech,NOUN-PROP,427
inkunu,KIEN,427
sħiħa,ADJ,426
dettalji,NOUN,426
Aktar,ADV,426
żwieġ,NOUN,425
Mulej,NOUN-PROP,425
naturali,ADJ,425
Aħna,PRON-PERS,425
approvazzjoni,NOUN,425
tantx,ADV,424
Mosta,NOUN-PROP,424
kompla,VERB,423
direttament,ADV,423
spjega,VERB,423
Santa,NOUN-PROP,423
legali,ADJ,423
emendat,PART-PASS,423
jgħidu,VERB,422
ħaddieħor,PRON-INDEF,421
sabiħ,ADJ,421
investiment,NOUN,421
Soċjali,ADJ,421
għand,PREP,421
Saħħa,NOUN,421
mezzi,NOUN,421
dokumenti,NOUN,420
tikber,VERB,420
anqas,FOC,420
differenza,NOUN,420
marru,VERB,419
jilagħbu,VERB,419
jiena,PRON-PERS,418
jgħix,VERB,418
Franġisku,NOUN-PROP,418
saħaq,VERB,418
qorti,NOUN,417
każijiet,NOUN,417
żagħżugħ,NOUN,416
bih,PREP-PRON,415
nara,VERB,415
immigranti,NOUN,415
għax-,PREP-DEF,414
somma,NOUN,414
jaraw,VERB,412
mhumiex,PRON-PERS-NEG,411
pubblika,ADJ,410
karriera,NOUN,410
George,NOUN-PROP,410
ċar,ADJ,410
Galea,NOUN-PROP,409
vot,NOUN,409
żgur,ADJ,409
Michael,NOUN-PROP,409
mistennija,PART-PASS,408
isbaħ,ADJ,407
Kristu,NOUN-PROP,407
joħorġu,VERB,407
aħbarijiet,NOUN,407
ajru,NOUN,407
Malti,NOUN,407
Qal,VERB,406
Intant,ADV,406
waslu,VERB,405
attenzjoni,NOUN,404
relazzjoni,NOUN,404
toħroġ,VERB,403
Balzan,NOUN-PROP,403
Sliema,NOUN-PROP,402
Ftehim,NOUN,402
konferenza,NOUN,401
tidħol,VERB,401
trasport,NOUN,401
mix-,PREP-DEF,401
normali,ADJ,400
ċentru,NOUN,400
kumitat,NOUN,400
diskussjoni,NOUN,399
kamra,NOUN,398
għamlet,VERB,398
Deċiżjoni,NOUN,398
Renju,NOUN,397
Abela,NOUN-PROP,397
Grupp,NOUN,397
sigurtà,NOUN,397
pass,NOUN,396
wiċċ,NOUN,396
għoti,NOUN,396
Camilleri,NOUN-PROP,395
uniku,ADJ,393
tmien,NUM-CRD,392
jmorru,VERB,392
kummerċjali,ADJ,391
tistax,VERB,391
idea,NOUN,391
Hynix,NOUN-PROP,390
Huma,PRON-PERS,390
tnaqqis,NOUN,390
lilu,LIL-PRON,390
jidhru,VERB,389
irġiel,NOUN,388
merkanzija,NOUN,387
lingwa,NOUN,387
mar-,PREP-DEF,387
jgħin,VERB,387
Mizzi,NOUN-PROP,386
għamla,NOUN,386
sentenza,NOUN,386
ijiem,NOUN,386
Artikoli,NOUN-PROP,385
konformità,NOUN,385
ħarġu,VERB,384
reġistrazzjoni,NOUN,384
Fejn,PRON-INT,383
impjegati,NOUN,383
jilgħab,VERB,383
inhu,PRON-INT,383
daħal,VERB,383
popolari,ADJ,382
Wieħed,NUM-WHD,382
traffiku,NOUN,382
reġa',VERB,382
Jum,NOUN,381
maġġoranza,NOUN,381
ġewwa,ADV,381
riżultati,NOUN,381
iskop,NOUN,380
jitkellem,VERB,380
Ġermanja,NOUN-PROP,379
Cremona,NOUN-PROP,379
ħażin,ADJ,379
frott,NOUN,379
żjara,NOUN,379
meqjusa,PART-PASS,378
fuqhom,PREP-PRON,378
ħtieġa,NOUN,378
Ħafna,QUAN,378
saħansitra,FOC,377
baqgħu,VERB,376
Charles,NOUN-PROP,376
Qed,PROG,376
sigħat,NOUN,375
nar,NOUN,374
Skont,PREP,374
ritratti,NOUN,374
sewwa,ADV,373
speċi,NOUN,373
demm,NOUN,373
jkompli,VERB,373
Imbagħad,ADV,373
magħmul,PART-PASS,372
Fis-,PREP-DEF,371
nagħtu,VERB,370
iskejjel,NOUN,370
nafu,VERB,370
inti,PRON-PERS,370
Ingliż,ADJ,370
djar,NOUN,369
periklu,NOUN,369
kultant,ADV,369
Xi,QUAN,368
għalfejn,PRON-INT,368
laqgħat,NOUN,368
dalgħodu,ADV,368
qbil,NOUN,368
Paul,NOUN-PROP,368
sabiħa,ADJ,368
totali,ADJ,367
Ċentru,NOUN,367
Emendat,PART-PASS,366
Kontraenti,ADJ,365
Ordni,NOUN,364
knisja,NOUN,364
Azzopardi,NOUN-PROP,364
amministrazzjoni,NOUN,364
komunità,NOUN,364
disponibbli,ADJ,364
bidla,NOUN,364
jmur,VERB,363
paċi,NOUN,363
paġna,NOUN,363
Mifsud,NOUN-PROP,362
daqshekk,ADV,362
iridu,VERB,362
tul,PREP,361
ħ,NOUN,361
ittra,NOUN,361
kummerċ,NOUN,360
twil,ADJ,360
Dawk,PRON-DEM,359
quddiesa,NOUN,359
qawwi,ADJ,359
ġranet,NOUN,359
piż,NOUN,359
tali,ADJ,359
aċċess,NOUN,358
dubju,NOUN,358
gwerra,NOUN,358
David,NOUN-PROP,358
qawwija,ADJ,358
Tieni,NUM-ORD,357
rispett,NOUN,357
IL-,DEF,357
stqarrija,NOUN,357
ħajti,NOUN,357
jużaw,VERB,357
għan-,PREP-DEF,356
Ix-,DEF,356
ħarġet,VERB,356
lid-,LIL-DEF,355
jgħaddu,VERB,355
SPEAKER,NOUN,354
għalf,NOUN,354
proġetti,NOUN,354
ħajtu,NOUN,354
tagħlim,NOUN,354
Taljan,ADJ,353
League,NOUN-PROP,353
għamilt,VERB,352
ilhom,VERB-PSEU,352
M',NEG,352
lest,ADJ,351
grad,NOUN,350
sustanzi,NOUN,350
imur,VERB,350
anzjani,NOUN,350
self,NOUN,349
reat,NOUN,349
prezzijiet,NOUN,349
Anness,NOUN-PROP,348
Amerika,NOUN-PROP,348
finanzjarji,ADJ,347
unika,ADJ,347
viċin,ADJ,347
esportazzjoni,NOUN,347
dieħla,PART-ACT,347
kuraġġ,NOUN,345
metru,NOUN,345
Allura,ADV,345
tweġiba,NOUN,345
programmi,NOUN,344
Tnejn,NOUN-PROP,343
inklużi,PART-PASS,343
ħadet,VERB,342
politiku,ADJ,342
pubbliċi,ADJ,342
peress,PREP,342
jgħinu,VERB,341
deċiżjonijiet,NOUN,341
telfa,NOUN,341
Repubblika,NOUN,341
parroċċa,NOUN,341
Jiena,PRON-PERS,340
eluf,NUM-CRD,340
verament,ADV,340
mozzjoni,NOUN,339
uffiċjali,NOUN,339
Pawl,NOUN-PROP,339
internet,NOUN,339
subartikolu,NOUN,339
direzzjoni,NOUN,338
nixtieq,VERB,338
bieb,NOUN,337
jipprova,VERB,336
ferħ,NOUN,336
ilha,VERB-PSEU,335
la,CONJ-SUB,334
passi,NOUN,334
mistoqsijiet,NOUN,334
Micallef,NOUN-PROP,334
lin-,LIL-DEF,334
wħud,NUM-WHD,333
verità,NOUN,333
kumpannija,NOUN,333
jinkludu,VERB,332
Franza,NOUN-PROP,332
ikollna,VERB-PSEU,332
barra,PREP,331
iskema,NOUN,331
budget,NOUN,331
oqsma,NOUN,330
Madrid,NOUN-PROP,330
nieħdu,VERB,329
nemmen,VERB,328
Hija,PRON-PERS,328
nofsinhar,NOUN,328
arja,NOUN,327
Parti,NOUN,327
hemmhekk,ADV,327
droga,NOUN,326
xogħlijiet,NOUN,326
tidher,VERB,326
Dalli,NOUN-PROP,326
proposta,NOUN,326
filmat,NOUN,325
ried,VERB,325
jikbru,VERB,325
impjegat,NOUN,325
Qabel,PREP,324
għalliema,NOUN,324
ra,VERB,324
risposta,NOUN,323
Iċ-,DEF,322
għaż-,PREP-DEF,322
limiti,NOUN,322
żejt,NOUN,321
spiċċaw,VERB,321
Attard,NOUN-PROP,321
Forsi,ADV,321
Se,FUT,321
inkluż,PART-PASS,320
studenti,NOUN,320
investigazzjoni,NOUN,320
applikant,NOUN,319
sħaħ,ADJ,319
uffiċċju,NOUN,319
joqgħod,VERB,318
Simon,NOUN-PROP,318
jinkludi,VERB,318
jasal,VERB,317
tul,NOUN,317
faqar,NOUN,317
ċivili,ADJ,317
rabta,NOUN,317
qisu,VERB-PSEU,317
konfront,NOUN,317
Ingliż,NOUN,317
negozju,NOUN,317
eżami,NOUN,316
tlieta,NUM-CRD,316
ritratt,NOUN,316
postali,ADJ,316
intervista,NOUN,316
xita,NOUN,316
istituzzjonijiet,NOUN,316
jintużaw,VERB,316
Mark,NOUN-PROP,315
nitkellmu,VERB,315
Mater,NOUN-PROP,315
kawża,NOUN,315
rigward,PREP,315
Nhar,NOUN,315
titlu,NOUN,315
għandhiex,VERB-PSEU,314
suġġetti,NOUN,314
natura,NOUN,314
każi,NOUN,314
materjal,NOUN,314
ruħ,NOUN,314
jaqsmu,VERB,314
realtà,NOUN,313
miet,VERB,313
Trattat,NOUN,313
biha,PREP-PRON,313
erba',ADJ,312
kundizzjoni,NOUN,312
Affarijiet,NOUN,312
istituzzjoni,NOUN,312
kultura,NOUN,311
Tista',VERB,311
Gonzi,NOUN-PROP,311
Ftit,QUAN,311
tgħin,VERB,311
organizzazzjonijiet,NOUN,310
setgħu,VERB,310
jittieħdu,VERB,310
għanijiet,NOUN,310
Fondazzjoni,NOUN,310
wara,ADV,310
Għax,CONJ-SUB,310
Marija,NOUN-PROP,309
żoni,NOUN,309
jmiss,VERB,309
protezzjoni,NOUN,309
logħbiet,NOUN,309
Ta',GEN,309
darbtejn,NOUN,308
Dei,NOUN-PROP,308
Edukazzjoni,NOUN,308
Isptar,NOUN,308
Sa,PREP,307
applikazzjonijiet,NOUN,307
rapporti,NOUN,307
ħdejn,PREP,307
spiss,ADV,306
nieħu,VERB,306
partikolarment,ADV,306
sab,VERB,306
Uffiċċju,NOUN,305
jipprovdi,VERB,305
karta,NOUN,305
Ewwel,NUM-ORD,304
talli,CONJ-SUB,304
missier,NOUN,304
Ekonomija,NOUN,304
kriterji,NOUN,303
jaqsam,VERB,303
riċerka,NOUN,303
tlett,NUM-CRD,303
ċirkostanzi,NOUN,303
kunċert,NOUN,302
hux,PRON-PERS-NEG,302
preżenza,NOUN,301
disinn,NOUN,301
qalbi,NOUN,301
responsabbiltà,NOUN,300
Rabat,NOUN-PROP,300
sħana,NOUN,300
inizjattiva,NOUN,300
tama,NOUN,300
Intern,NOUN,299
tabib,NOUN,299
jistgħux,VERB,299
veru,ADJ,299
waslet,VERB,299
inhi,PRON-INT,299
Interpellant,NOUN,299
individwali,ADJ,298
Agius,NOUN-PROP,298
Manchester,NOUN-PROP,298
juża,VERB,298
Mons.,NOUN-PROP,297
ikompli,VERB,296
nkun,KIEN,296
kaxxa,NOUN,296
temperatura,NOUN,296
ġejja,PART-ACT,295
b',ADJ,295
xi,PRON-INT,295
riskju,NOUN,295
nnifsu,PRON-REF,295
stabbilita,PART-PASS,295
Taqsima,NOUN,295
żgħażagħ,ADJ,295
kinitx,KIEN,295
xutt,NOUN,294
mogħti,PART-PASS,294
minnufih,ADV,293
tgħix,VERB,293
miftuħa,PART-PASS,292
mitt,NUM-CRD,292
Awissu,NOUN-PROP,292
għarfien,NOUN,292
Madanakollu,ADV,292
oġġett,NOUN,292
normalment,ADV,291
Naxxar,NOUN-PROP,290
mhuwiex,PRON-PERS-NEG,290
anqas,ADJ,289
minbarra,PREP,289
taħt,ADV,289
ras,NOUN,289
imorru,VERB,288
taw,VERB,288
moħħ,NOUN,288
benefiċċju,NOUN,288
territorju,NOUN,288
apposta,ADV,288
lewn,NOUN,288
jeħtieġ,VERB,287
Kienu,KIEN,287
għaddejja,PART-ACT,287
dakinhar,ADV,287
Bħala,PREP,287
gost,NOUN,287
dritt,ADV,286
miegħi,PREP-PRON,285
avviż,NOUN,284
voti,NOUN,283
baqgħet,VERB,283
fuqha,PREP-PRON,282
Awwissu,NOUN-PROP,282
akkużat,PART-PASS,282
industrija,NOUN,282
jitħallsu,VERB,282
oriġinali,ADJ,282
pensjoni,NOUN,282
qiegħda,PART-ACT,282
paga,NOUN,281
jaħseb,VERB,281
koppja,NOUN,281
qasrija,NOUN,281
klassifika,NOUN,281
vjolenza,NOUN,280
dro,NOUN,280
aħbar,NOUN,280
grawnd,NOUN,280
Min-,PREP-DEF,280
tajbin,ADJ,280
taxxi,NOUN,279
Istati,PART-PASS,279
jistenna,VERB,279
sinjal,NOUN,279
talb,NOUN,278
biċċiet,NOUN,278
elf,NUM-CRD,278
soluzzjoni,NOUN,278
Minħabba,PREP,278
lili,LIL-PRON,278
Familja,NOUN,278
impatt,NOUN,277
istudju,NOUN,277
malli,CONJ-SUB,277
Ġurnal,NOUN-PROP,277
jispiċċa,VERB,277
relatati,PART-PASS,277
jwassal,VERB,276
dipartiment,NOUN,276
tilfu,VERB,276
reġistrata,PART-PASS,276
maħruġa,PART-PASS,276
rebbieħa,ADJ,275
għaddejjin,PART-ACT,275
bank,NOUN,275
artiklu,NOUN,275
żejjed,ADJ,274
marbuta,PART-PASS,274
mutur,NOUN,274
elezzjonijiet,NOUN,274
Naħseb,VERB,273
apparat,NOUN,273
bejniethom,PREP-PRON,273
jonqos,VERB,273
magħna,PREP-PRON,272
fond,NOUN,272
valuri,NOUN,272
inkun,KIEN,272
xierqa,NOUN,272
individwu,NOUN,272
implimentazzjoni,NOUN,272
vjaġġ,NOUN,272
ħruġ,NOUN,271
indirizz,NOUN,271
kundizzjonijiet,NOUN,271
Kap.,NOUN,271
uħud,NUM-WHD,271
Spanja,NOUN-PROP,270
Investiment,NOUN,270
Servizzi,NOUN,270
ekonomika,ADJ,270
regolament,NOUN,270
s',PREP,270
tilef,VERB,270
ekonomiku,ADJ,269
Vatikan,NOUN-PROP,269
Ordinanza,NOUN,269
jaqbel,VERB,269
Barra,ADV,269
nistax,VERB,269
Żgħażagħ,NOUN,269
mimlija,PART-PASS,269
kulur,NOUN,268
sempliċi,ADJ,268
attakk,NOUN,268
Filwaqt,CONJ-SUB,268
anqas,ADV,268
ispejjeż,NOUN,267
vapur,NOUN,267
passat,NOUN,267
umdità,NOUN,267
kelb,NOUN,267
Qatt,ADV,267
id,NOUN,266
qalli,VERB,266
annwali,ADJ,266
kriżi,NOUN,266
marda,NOUN,266
Chris,NOUN-PROP,266
Għaldaqstant,ADV,266
varjetà,NOUN,265
flok,PREP,265
barranin,ADJ,265
kuxjenza,NOUN,265
għaqdiet,NOUN,265
humiex,PRON-PERS-NEG,265
nafx,VERB,264
Ruma,NOUN-PROP,264
kanċer,NOUN,264
pubblikazzjoni,NOUN,264
Jidher,VERB,264
politiċi,ADJ,264
partitarji,NOUN,264
tbatija,NOUN,264
kotba,NOUN,263
elettorali,ADJ,263
ħabbar,VERB,263
ħati,NOUN,263
dazju,NOUN,263
awtorizzat,PART-PASS,263
sodisfazzjon,NOUN,263
mhu,PRON-PERS-NEG,262
Xogħol,NOUN,262
rati,NOUN,262
dikjarazzjoni,NOUN,262
kuntatt,NOUN,262
tħares,VERB,262
Ġustizzja,NOUN,261
insibu,VERB,261
Marsa,NOUN-PROP,261
seklu,NOUN,261
terġa',VERB,261
wirja,NOUN,261
mumenti,NOUN,261
Regolamenti,NOUN,261
kategorija,NOUN,260
Trasport,NOUN,260
organizzata,PART-PASS,260
daħlu,VERB,260
tgħaddi,VERB,260
sajd,NOUN,259
joffri,VERB,259
missjoni,NOUN,259
trademark,NOUN,259
miż-,PREP-DEF,258
Edward,NOUN-PROP,258
fidi,NOUN,258
diffikultajiet,NOUN,258
ġieli,ADV,258
kwantitajiet,NOUN,258
xort,NOUN,257
bihom,PREP-PRON,257
jixtieq,VERB,257
ruħhom,PRON-REF,256
Anness,NOUN,256
ħajjithom,NOUN,256
darbiet,NOUN,256
kwalunkwe,QUAN,256
iżjed,ADJ,256
raħal,NOUN,255
jerġgħu,VERB,255
riżorsi,NOUN,255
professjonali,ADJ,255
twieled,VERB,255
sejrin,PART-ACT,254
permanenti,ADJ,254
X',NOUN,254
dejn,NOUN,254
per,NOUN,254
ħamsa,NUM-CRD,253
spiċċat,VERB,253
deher,VERB,253
jitlob,VERB,253
ċittadin,NOUN,253
ħabib,NOUN,253
dokument,NOUN,253
kkunsidrat,PART-PASS,253
titlob,VERB,252
sbieħ,ADJ,252
unur,NOUN,252
jemmen,VERB,252
maratona,NOUN,252
qalbu,NOUN,251
ewlieni,ADJ,251
għoli,ADJ,251
ingħata,VERB,250
Chairman,NOUN,250
istat,NOUN,250
F',NOUN,250
miċ-,PREP-DEF,250
proprju,ADJ,249
preċedenti,ADJ,249
telf,NOUN,249
leġislazzjoni,NOUN,248
qrib,PREP,248
gżejjer,NOUN,247
regolari,ADJ,247
esperjenzi,NOUN,247
Juventus,NOUN-PROP,247
kumment,NOUN,247
rwol,NOUN,247
sinjali,NOUN,247
toffri,VERB,247
fiduċja,NOUN,246
rekord,ADJ,246
ħalla,VERB,246
Patri,NOUN,246
aqwa,NOUN,246
sabu,VERB,246
Mintoff,NOUN-PROP,246
saħħtu,NOUN,246
Champions,NOUN-PROP,245
twal,ADJ,245
biżżejjed,ADV,244
sistemi,NOUN,244
ċara,ADJ,244
reazzjoni,NOUN,244
Dwar,PREP,244
kwantità,NOUN,244
vetturi,NOUN,244
gazzetta,NOUN,244
gowlkiper,NOUN,244
operazzjoni,NOUN,244
żerriegħa,NOUN,243
Ta',NOUN,243
finijiet,NOUN,243
Ċivili,ADJ,243
tradizzjonali,ADJ,242
Cassar,NOUN-PROP,242
lir-,LIL-DEF,242
trasferiment,NOUN,242
ċittadini,NOUN,242
jemenda,VERB,242
argument,NOUN,242
interessi,NOUN,242
impriża,NOUN,242
la,NEG,241
Assoċjazzjoni,NOUN,241
Ħalli,VERB,241
ommi,NOUN,241
medja,ADJ,241
vettura,NOUN,241
bżonnijiet,NOUN,241
jitħallas,VERB,241
kandidati,NOUN,241
waqt,NOUN,240
interessanti,ADJ,240
Ħamis,NOUN-PROP,240
risq,NOUN,239
Floriana,NOUN,239
ġab,VERB,239
Bla,PREP,238
jifhem,VERB,238
jintuża,VERB,238
Real,NOUN-PROP,238
bin-,PREP-DEF,238
jattendu,VERB,238
skola,NOUN,238
film,NOUN,238
tobba,NOUN,238
lesti,ADJ,238
nett,ADV,238
Hi,PRON-PERS,237
għadni,VERB-PSEU,237
noqogħdu,VERB,237
mitluba,PART-PASS,237
Fid-,PREP-DEF,237
ħażin,ADV,237
bieraħ,NOUN,236
qawwa,NOUN,236
tintuża,VERB,236
stajt,VERB,236
banek,NOUN,236
jkollok,VERB-PSEU,236
ħalib,NOUN,236
ikollha,VERB-PSEU,236
Brażil,NOUN-PROP,236
seba',NUM-CRD,235
bord,NOUN,235
prinċipji,NOUN,235
appell,NOUN,235
agħar,ADJ,234
biża',NOUN,234
Premier,NOUN-PROP,234
jitqies,VERB,234
klabbs,NOUN,234
wera,VERB,234
xiri,NOUN,234
xewqa,NOUN,234
Għandu,VERB-PSEU,234
ismijiet,NOUN,233
konsultazzjoni,NOUN,233
kamp,NOUN,233
zokk,NOUN,233
rajt,VERB,233
lira,NOUN,232
Ċina,NOUN-PROP,232
numri,NOUN,232
Tlieta,NOUN-PROP,232
rispettivament,ADV,231
poter,NOUN,231
jimxi,VERB,231
miljuni,NOUN,231
mibdul,PART-PASS,231
infurmat,PART-PASS,231
iz-,DEF,231
Luxol,NOUN-PROP,230
deheb,NOUN,230
siġar,NOUN,230
Londra,NOUN-PROP,230
barrani,NOUN,230
Erbgħa,NOUN-PROP,230
kopja,NOUN,229
Viċi,ADJ,229
sejjer,PART-ACT,229
Spiteri,NOUN-PROP,229
funzjonijiet,NOUN,228
bnedmin,NOUN,228
ambjentali,ADJ,228
jibgħat,VERB,228
multa,NOUN,228
jispiċċaw,VERB,228
nifhem,VERB,228
ammonti,NOUN,228
Kummerċ,NOUN,228
DWAR,PREP,228
livelli,NOUN,227
teknoloġija,NOUN,227
nefqa,NOUN,227
jaslu,VERB,227
ħażina,ADJ,227
pagament,NOUN,227
idejh,NOUN,227
Tarxien,NOUN-PROP,227
effetti,NOUN,227
Kattolika,ADJ,226
bilfors,ADV,226
xandir,NOUN,226
inħawi,NOUN,226
azzjonijiet,NOUN,226
jikber,VERB,225
att,NOUN,225
marka,NOUN,225
ġustizzja,NOUN,225
Enemalta,NOUN-PROP,225
termini,NOUN,224
popolazzjoni,NOUN,224
jżomm,VERB,224
ideat,NOUN,224
kulturali,ADJ,223
ħtiġiet,NOUN,223
Mejda,NOUN,223
Providenza,NOUN,223
Ġorġ,NOUN-PROP,222
gżira,NOUN,222
twassal,VERB,222
xibka,NOUN,222
La,NEG,222
fażi,NOUN,221
sejħa,NOUN,221
żminijiet,NOUN,221
iżomm,VERB,221
wassal,VERB,221
pazjenti,NOUN,220
qsari,NOUN,220
bqija,NOUN,220
Cup,NOUN-PROP,220
Internazzjonali,ADJ,220
ieħor,NOUN,220
għolja,ADJ,220
jirriżulta,VERB,220
storja,NOUN,219
darhom,NOUN,219
ħanut,NOUN,219
talab,VERB,219
Ħamrun,NOUN-PROP,218
REGOLAMENT,NOUN,218
tunnellata,NOUN,218
fatti,NOUN,218
Korporazzjoni,NOUN,218
m',PART-PASS,218
darb,NOUN,217
detentur,NOUN,217
divorzju,NOUN,217
sid,NOUN,217
tnax,VERB,217
stat,NOUN,217
taħriġ,VERB,217
Ministri,NOUN,217
nsibu,VERB,217
bix-,PREP-DEF,217
jitkellmu,VERB,216
avjazzjoni,NOUN,216
temp,NOUN,216
żball,NOUN,216
finanzi,NOUN,216
Eżekuttiv,ADJ,216
mort,VERB,215
Milan,NOUN-PROP,215
ksur,NOUN,215
miftuħ,PART-PASS,215
irrid,VERB,215
festi,NOUN,215
eżerċizzju,NOUN,215
Ambjent,NOUN,215
ħlasijiet,NOUN,215
jinġabru,VERB,215
Anke,FOC,215
atleti,NOUN,215
xena,NOUN,215
residenza,NOUN,214
Ċentrali,ADJ,214
inhuma,PRON-INT,214
time,NOUN,213
ssib,VERB,213
Bil-,PREP-DEF,213
żejda,ADJ,213
ħolma,NOUN,213
ftuħ,NOUN,213
għandniex,VERB-PSEU,213
ħa,FUT,213
kinux,KIEN,213
jistennew,VERB,212
pagamenti,NOUN,212
nitkellem,VERB,212
Victor,NOUN-PROP,212
libertà,NOUN,212
Martin,NOUN-PROP,212
involuti,PART-PASS,212
annimal,NOUN,212
Caruana,NOUN-PROP,211
proposti,NOUN,211
forza,NOUN,211
dispożizzjonijiet,NOUN,211
lilha,LIL-PRON,211
ħaddiem,NOUN,211
siġra,NOUN,211
waħdu,ADV,211
time,ADJ,211
leave,NOUN,211
limitu,NOUN,211
għamilna,VERB,210
Kulħadd,PRON-INDEF,210
meqjus,PART-PASS,210
jixtiequ,VERB,210
Titolu,VERB,210
Madonna,NOUN-PROP,210
Qali,NOUN-PROP,210
ikomplu,VERB,210
joffru,VERB,210
jiltaqgħu,VERB,210
Club,NOUN-PROP,210
iżgħar,ADJ,210
emigrazzjoni,NOUN,210
Ġwanni,NOUN-PROP,209
setgħet,VERB,209
ħamsin,NUM-CRD,209
opportunitajiet,NOUN,209
total,NOUN,208
lokalità,NOUN,208
sibt,VERB,208
għeruq,NOUN,208
kontx,KIEN,208
student,NOUN,208
GĦALL,NOUN-PROP,208
Libja,NOUN-PROP,208
mixja,NOUN,208
attenti,ADJ,208
Korp,NOUN,208
minna,PREP-PRON,207
World,NOUN-PROP,207
jkomplu,VERB,207
Amerikan,ADJ,207
żied,VERB,207
taħseb,VERB,207
tħallas,VERB,207
impenn,NOUN,207
Liverpool,NOUN-PROP,206
istess,NOUN,206
twelid,NOUN,206
sostanzjali,ADJ,206
Għaliex,PRON-INT,206
Bħalissa,ADV,206
jikkonsisti,VERB,206
demokrazija,NOUN,206
ommu,NOUN,206
pressjoni,NOUN,206
prova,NOUN,206
jsib,VERB,206
diġa,ADV,205
nifs,NOUN,205
jaqa',VERB,205
kontenut,NOUN,205
saħħitha,NOUN,204
pożittiv,ADJ,204
lilhom,LIL-PRON,204
Baħar,NOUN,204
Marie,NOUN-PROP,204
indipendenti,ADJ,204
mammiferi,NOUN,204
sewwieq,NOUN,204
qasir,ADJ,204
jaqgħu,VERB,204
tant,ADJ,203
ħajt,NOUN,203
metodu,NOUN,203
żvilupp,NOUN,203
skorja,VERB,203
addizzjonali,ADJ,203
tipprovdi,VERB,203
tispiċċa,VERB,203
speċifiċi,ADJ,203
Preca,NOUN-PROP,203
dwarhom,PREP-PRON,203
jista,VERB,203
rasu,NOUN,202
ilbieraħ,ADV,202
stqarr,VERB,202
Però,CONJ-CORD,202
mezz,NOUN,202
Dik,PRON-DEM,202
twaqqif,NOUN,202
lagħab,VERB,202
kapaċità,NOUN,201
Mellieħa,NOUN-PROP,201
difiża,NOUN,201
tema,NOUN,201
funzjoni,NOUN,200
kitba,NOUN,200
tasal,VERB,200
Konvenzjoni,NOUN,200
kompjuter,NOUN,200
ruħha,PRON-REF,200
nistgħux,VERB,200
Permanenti,ADJ,200
jinżammu,VERB,200
impjiegi,NOUN,200
tat,VERB,200
jfisser,VERB,200
diżabilità,NOUN,199
jaħsbu,VERB,199
saċerdot,NOUN,199
intervent,NOUN,199
City,NOUN-PROP,199
pjaċir,NOUN,199
approvat,PART-PASS,199
reġistru,NOUN,198
tħobb,VERB,198
joqogħdu,VERB,198
Olanda,NOUN-PROP,198
Russja,NOUN-PROP,198
miġbura,PART-PASS,198
Hibernians,NOUN-PROP,198
ħinijiet,NOUN,198
Peter,NOUN-PROP,198
income,NOUN,198
Lil,LIL,198
Gwerra,NOUN-PROP,197
manutenzjoni,NOUN,197
diviżjoni,NOUN,197
raba',NUM-ORD,197
rajna,VERB,197
għaċ-,PREP-DEF,197
ex,ADJ,197
naħat,NOUN,197
Skond,PREP,197
nerġa',VERB,197
nibdew,VERB,196
ngħataw,VERB,196
imgħax,NOUN,196
kumpens,NOUN,196
fehma,NOUN,196
dehra,NOUN,196
raba',NOUN,196
kap,NOUN,196
man-,PREP-DEF,196
Awditur,NOUN,195
kemmxejn,ADV,195
parir,NOUN,195
passiġġieri,NOUN,194
gravi,ADJ,194
karatteristiċi,NOUN,194
jsibu,VERB,194
direttur,NOUN,193
kiteb,VERB,193
twila,ADJ,193
ekonomiċi,ADJ,193
finanzjarju,ADJ,193
vera,ADJ,193
individwi,NOUN,193
jiżdied,VERB,193
teżisti,VERB,193
faċilitajiet,NOUN,193
erbgħa,NUM-CRD,193
promozzjoni,NOUN,193
diretta,ADJ,192
ġisem,NOUN,192
Ġwann,NOUN-PROP,192
elettriku,NOUN,192
Debono,NOUN-PROP,192
Uffiċjali,NOUN,192
TONIO,NOUN-PROP,192
frisk,ADJ,192
klieb,NOUN,192
abbuż,NOUN,191
missieri,NOUN,191
Lvant,NOUN,191
ġurnalisti,NOUN,191
parteċipazzjoni,NOUN,191
istazzjon,NOUN,191
tletin,NUM-CRD,190
martu,NOUN,190
Parroċċa,NOUN,190
Google,NOUN-PROP,190
jirċievi,VERB,190
benefiċċji,NOUN,190
Ryan,NOUN-PROP,190
Brussel,NOUN-PROP,189
jiltaqa',VERB,189
aspett,NOUN,189
De,NOUN-PROP,189
karti,NOUN,189
turisti,NOUN,189
impjieg,NOUN,189
ħatra,NOUN,189
sekondi,NOUN,189
Klassi,NOUN-PROP,189
imexxi,VERB,189
kaċċa,NOUN,189
riedu,VERB,188
arti,NOUN,188
esperti,NOUN,188
għalik,PREP-PRON,188
nibqgħu,VERB,188
UEFA,NOUN,188
korp,NOUN,188
temm,VERB,188
jitolbu,VERB,188
eliġibbli,ADJ,187
ħatja,NOUN,187
Puttinu,NOUN-PROP,187
jipprovdu,VERB,187
ġbir,NOUN,187
sesswali,ADJ,187
sidien,NOUN,187
self,ADJ,187
friegħi,NOUN,187
parteċipanti,NOUN,186
sessjoni,NOUN,186
jitqiesu,VERB,186
Kampjonat,NOUN,186
televiżjoni,NOUN,186
issib,VERB,186
xorb,NOUN,186
istatistika,NOUN,186
lbieraħ,ADV,186
Mediterran,NOUN,186
ajruport,NOUN,186
jitlef,VERB,185
test,NOUN,185
sħabu,NOUN,185
titħallas,VERB,185
innifsu,PRON-REF,185
emendi,NOUN,185
missieru,NOUN,185
Irridu,VERB,184
operazzjonijiet,NOUN,184
jorbot,VERB,184
tefa',VERB,184
Ingliżi,NOUN,184
mijiet,NOUN,184
ħbiberija,NOUN,184
dgħajsa,NOUN,184
joħloq,VERB,184
Hawnhekk,ADV,184
abbozz,NOUN,184
Jason,NOUN-PROP,183
niftakar,VERB,183
Tonio,NOUN-PROP,183
minimu,NOUN,183
titqies,VERB,183
biż-,PREP-DEF,183
Association,NOUN,183
Ġesu,NOUN-PROP,183
Ħadd,PRON-INDEF,183
staġun,NOUN,183
ġabu,VERB,182
Hibernians,NOUN,182
mhijiex,PRON-PERS-NEG,182
progress,NOUN,182
jisma',VERB,182
linji,NOUN,182
illegali,ADJ,182
ċelebrazzjoni,NOUN,182
anniversarju,NOUN,182
qallu,VERB,182
Sigurtà,NOUN,182
isibu,VERB,181
jedd,NOUN,181
lkoll,PRON-INDEF,181
koppji,NOUN,181
Bank,NOUN,181
spejjeż,NOUN,181
Robert,NOUN-PROP,181
Istitut,NOUN,181
preġudizzju,NOUN,181
FENECH,NOUN-PROP,181
kiseb,VERB,181
siġġu,NOUN,181
komunikazzjoni,NOUN,180
kwalifikazzjoni,NOUN,180
Anton,NOUN-PROP,180
entitajiet,NOUN,180
sportivi,ADJ,180
ewlenin,ADJ,180
Insara,NOUN,180
ċar,ADV,180
konsum,NOUN,180
tipprova,VERB,180
pero,NOUN,180
reliġjon,NOUN,179
Ingliża,ADJ,179
baġit,NOUN,179
iskwadra,NOUN,179
toqgħod,VERB,179
fuq,ADV,179
donnu,VERB-PSEU,179
nipprova,VERB,179
Għawdxin,ADJ,179
jiddeċiedi,VERB,179
iħares,VERB,179
Għaqda,NOUN,179
Air,NOUN,179
bdiewa,VERB,178
Minbarra,PREP,178
rappreżentanti,NOUN,178
eżistenti,ADJ,178
Armati,PART-PASS,177
Forzi,NOUN,177
fetħu,VERB,177
Monsinjur,NOUN,177
moħħi,NOUN,177
Maria,NOUN-PROP,177
Komunikazzjoni,NOUN,177
qtil,NOUN,177
vittmi,NOUN,176
xhieda,NOUN,176
kontinent,NOUN,176
għajnejh,NOUN,176
jiġbor,VERB,176
ħamrija,NOUN,176
Sena,NOUN,176
stajtx,VERB,176
biċ-,PREP-DEF,176
jeżistu,VERB,176
jirbaħ,VERB,176
seba',NOUN,176
media,NOUN,176
atmosfera,NOUN,176
riħ,NOUN,176
Jiġifieri,VERB,176
qiegħ,NOUN,175
dmir,NOUN,175
Port,NOUN,175
infushom,PRON-REF,175
Konna,KIEN,175
seduta,NOUN,175
daqs,NOUN,175
moviment,NOUN,175
bajja,NOUN,175
kritika,NOUN,175
għajnejn,NOUN,174
tfajliet,NOUN,174
rigal,NOUN,174
kanzunetta,NOUN,174
għalina,PREP-PRON,174
Ebda,QUAN,174
sekonda,NOUN,174
garanzija,NOUN,174
jippruvaw,VERB,174
kunċett,NOUN,174
ħadt,VERB,174
daħlet,VERB,174
diska,NOUN,173
għajn,NOUN,173
arranġamenti,NOUN,173
ħmistax,NUM-CRD,173
gass,NOUN,173
port,NOUN,173
metodi,NOUN,173
materja,NOUN,173
Kulleġġ,NOUN,173
Kunsilli,NOUN,173
qafas,NOUN,173
għeluq,NOUN,173
James,NOUN-PROP,173
messaġġi,NOUN,172
radju,NOUN,172
titkellem,VERB,172
ġurnal,NOUN,172
karattru,NOUN,172
relazzjonijiet,NOUN,172
preżent,NOUN,172
mudell,NOUN,172
dirett,ADJ,172
isfida,NOUN,172
kuntratti,NOUN,172
Franċiż,NOUN-PROP,172
mimli,PART-PASS,172
magħmulin,PART-PASS,172
Darba,NOUN,171
attwali,ADJ,171
riforma,NOUN,171
ministru,NOUN,171
s,NOUN,171
mmur,VERB,171
spjegat,VERB,171
mistrieħ,NOUN,171
kunsens,NOUN,171
kannella,ADJ,171
dmirijiet,NOUN,171
riferenza,NOUN,171
ngħata,VERB,171
kwestjoni,NOUN,170
raġun,NOUN,170
Pietru,NOUN-PROP,170
pagi,NOUN,170
tittieħed,VERB,170
sodda,NOUN,170
tuża,VERB,170
liż-,LIL-DEF,170
Ġiżwiti,NOUN-PROP,170
qassis,NOUN,170
irregolari,ADJ,170
militari,ADJ,170
sussidju,NOUN,170
fetaħ,VERB,170
jħalli,VERB,170
immigrazzjoni,NOUN,169
jirċievu,VERB,169
jikteb,VERB,169
ħwienet,NOUN,169
rrid,VERB,169
jingħad,VERB,169
Żewġ,NUM-CRD,169
konformi,ADJ,169
Isport,NOUN,169
terzi,NOUN,169
Lawrence,NOUN-PROP,169
teknika,ADJ,169
festival,NOUN,169
sat-,PREP-DEF,168
Brincat,NOUN-PROP,168
jilħaq,VERB,168
kuntest,NOUN,168
Chelsea,NOUN-PROP,168
sostniet,VERB,168
permessi,NOUN,168
Intqal,VERB,168
full,NOUN,168
sitwazzjonijiet,NOUN,168
New,VERB,168
Ġesù,NOUN-PROP,168
suldati,NOUN,167
ngħixu,VERB,167
formazzjoni,NOUN,167
ċertifikati,NOUN,167
insetti,NOUN,167
organizzat,PART-PASS,167
Kordin,NOUN-PROP,167
turiżmu,NOUN,167
provdut,PART-PASS,167
sejra,PART-ACT,167
prattika,NOUN,167
skejjel,NOUN,167
nibda,VERB,166
Sqallija,NOUN-PROP,166
Mallia,NOUN-PROP,166
jipparteċipaw,VERB,166
ħarsien,NOUN,166
spazju,NOUN,166
nibqa',VERB,166
mħabba,NOUN,166
politiċi,NOUN,166
KAPITOLU,NOUN,166
laħam,NOUN,166
reġgħu,VERB,166
ara,VERB,166
diskussjonijiet,NOUN,165
tinbidel,VERB,165
varjetajiet,NOUN,165
kategoriji,NOUN,165
memorja,NOUN,165
Kostituzzjoni,NOUN,165
semma,VERB,165
mowbajl,NOUN,165
żewġt,NUM-CRD,165
kompliet,VERB,165
eżamijiet,NOUN,165
operatur,NOUN,165
qagħda,NOUN,165
ġlieda,NOUN,165
rebbieħ,PART-ACT,164
jgħodd,VERB,164
użati,PART-PASS,164
nużaw,VERB,164
kondizzjoni,NOUN,164
Sabiex,NOUN-PROP,164
iżommu,VERB,164
biljun,ADV,164
Coleiro,NOUN-PROP,163
jattendi,VERB,163
Bejn,PREP,163
liċenzja,NOUN,163
involut,PART-PASS,163
disa',NUM-ORD,163
relevanti,ADJ,163
bażiku,ADJ,163
awtur,NOUN,163
tarf,NOUN,163
mifhum,PART-PASS,163
dmugħ,NOUN,162
Gauci,NOUN-PROP,162
korsijiet,NOUN,162
lokalitajiet,NOUN,162
Int,PRON-PERS,162
aspetti,NOUN,162
telaq,VERB,162
Diviżjoni,NOUN,162
kuluri,NOUN,162
ittri,NOUN,162
kumpanniji,NOUN,162
tħalli,VERB,162
ħaxix,NOUN,162
magna,NOUN,162
Permezz,NOUN,162
KUNSILL,NOUN,161
Iskeda,NOUN,161
flokk,NOUN,161
rebħ,NOUN,161
Pjazza,NOUN,161
Transport,NOUN,161
kisbu,VERB,161
lok,NOUN,161
saħħithom,NOUN,161
dwarha,PREP-PRON,161
ninsewx,VERB,161
telekomunikazzjonijiet,NOUN,161
Pariġi,NOUN-PROP,161
Fir-,PREP-DEF,161
Gatt,NOUN-PROP,161
barranin,NOUN,160
Niftakar,VERB,160
Kodiċi,NOUN,160
sas-,PREP-DEF,160
ħaj,ADJ,160
għeleb,VERB,160
eżatt,ADV,160
ispeċi,NOUN,160
kapital,NOUN,160
taqsam,VERB,160
setax,VERB,160
kienux,KIEN,160
Għawdxi,ADJ,160
Matthew,NOUN-PROP,159
Iżrael,NOUN-PROP,159
privat,ADJ,159
tixtieq,VERB,159
għadna,VERB-PSEU,159
isib,VERB,159
Sant,NOUN-PROP,159
Magħmul,NOUN-PROP,159
ġuvni,NOUN,159
skemi,NOUN,159
dibattitu,NOUN,159
serjetà,NOUN,159
fija,PREP-PRON,159
Afrika,NOUN,159
ministri,NOUN,159
ikollok,VERB-PSEU,159
marret,VERB,159
Punent,NOUN,159
tkabbir,NOUN,159
Gozo,NOUN-PROP,158
estimi,NOUN,158
speċifikat,PART-PASS,158
jgħidli,VERB,158
Bħal,PREP,158
Ikun,KIEN,158
Arġentina,NOUN-PROP,158
Għandna,VERB-PSEU,158
koperazzjoni,NOUN,158
parlament,NOUN,158
imiss,VERB,158
dewmien,NOUN,158
nieqes,PART-ACT,158
jikseb,VERB,157
erbgħin,NUM-CRD,157
ispiża,NOUN,157
Bartolo,NOUN-PROP,157
kompletament,ADV,157
ġġib,VERB,157
salib,NOUN,157
Djar,NOUN,157
neċessarji,ADJ,157
ġrieħi,NOUN,157
obbligu,NOUN,157
wieġeb,VERB,157
Apple,NOUN-PROP,157
għandix,VERB-PSEU,157
jġib,VERB,156
adegwità,NOUN,156
inkwiet,NOUN,156
immur,VERB,156
ġejt,VERB,156
',ADJ,156
tfittex,VERB,156
apparti,ADV,156
KUMMISSJONI,NOUN,156
jittieħed,VERB,156
ishma,NOUN,156
Nixtieq,VERB,156
dal-,PRON-DEM-DEF,156
istudji,NOUN,155
Ninsab,VERB,155
jiftaħ,VERB,155
ħajja,ADJ,155
Tielet,NUM-ORD,155
Luqa,NOUN-PROP,155
avveniment,NOUN,155
IR-,NOUN-PROP,155
istqarrija,NOUN,155
noqgħod,VERB,155
ifittxu,VERB,155
Vittoriosa,NOUN-PROP,155
nnifsi,PRON-REF,155
element,NOUN,155
Indipendenza,NOUN,155
kriminali,ADJ,155
jkolli,VERB-PSEU,155
industrijali,ADJ,154
Kanada,NOUN-PROP,154
sport,NOUN,154
profitti,NOUN,154
xahrejn,NOUN,154
maż-,PREP-DEF,154
jiżdiedu,VERB,154
donazzjoni,NOUN,154
reġistrati,PART-PASS,154
ġlied,NOUN,154
sitta,NUM-CRD,154
Sliema,NOUN,154
kejl,NOUN,153
elett,PART-PASS,153
ċerta,QUAN,153
maħsub,PART-PASS,153
identità,NOUN,153
Raġel,NOUN,153
sittin,NUM-CRD,153
ġebel,NOUN,153
testijiet,NOUN,153
Kollox,PRON-INDEF,153
vittma,NOUN,153
kesħa,NOUN,153
miżmuma,PART-PASS,153
enormi,ADJ,153
fundamentali,ADJ,153
Irlanda,NOUN-PROP,153
Benedittu,NOUN-PROP,153
Bonello,NOUN-PROP,153
korruzzjoni,NOUN,152
nikteb,VERB,152
qalba,NOUN,152
tagħmir,NOUN,152
laħaq,VERB,152
hinn,ADV,152
Manuel,NOUN-PROP,152
Alfred,NOUN-PROP,152
adottati,PART-PASS,152
skurja,NOUN,152
ħsibijiet,NOUN,151
dwaru,PREP-PRON,151
komplew,VERB,151
jiżviluppaw,VERB,151
kuntent,ADJ,151
metri,NOUN,151
lasta,NOUN,151
Infrastruttura,NOUN,151
għodda,NOUN,151
Dwana,NOUN,151
Dinji,NOUN,151
titjira,NOUN,151
quċċata,NOUN,151
inkjesta,NOUN,151
MALTA,NOUN-PROP,151
impieg,NOUN,151
rieda,NOUN,151
tbissima,NOUN,151
tiżdied,VERB,151
talbiet,NOUN,151
abjad,ADJ,150
app,NOUN,150
għażel,VERB,150
provi,NOUN,150
z-,DEF,150
Tas-,NOUN-PROP,150
nagħti,VERB,150
sostenibbli,ADJ,150
rilevanti,ADJ,150
jmexxi,VERB,150
sabet,VERB,150
intqal,VERB,150
approvati,PART-PASS,150
Ara,VERB,150
deputati,NOUN,150
irnexxielu,VERB,149
kontrolli,NOUN,149
Mingħajr,PREP,149
solidarjetà,NOUN,149
oriġini,NOUN,149
konsegwenza,NOUN,149
Anthony,NOUN-PROP,149
sekondarja,ADJ,149
Komunitajiet,NOUN,149
estimi,ADJ,149
intier,ADJ,149
lesta,ADJ,149
ħolqien,NOUN,149
priġunerija,NOUN,149
elementi,NOUN,149
reġgħet,VERB,149
Adami,NOUN-PROP,149
nilgħab,VERB,149
jumejn,NOUN,148
pakkett,NOUN,148
York,NOUN-PROP,148
Alternattiva,NOUN-PROP,148
Dejjem,ADV,148
ewlenija,ADJ,148
Cares,NOUN-PROP,148
akkużi,NOUN,148
naħdmu,VERB,148
immexxi,PART-PASS,148
xtaqt,VERB,148
Greċja,NOUN,148
naħdem,VERB,148
Amerikani,ADJ,148
Isfel,NOUN-PROP,148
jinbidel,VERB,148
kkunsidra,VERB,148
subien,NOUN,148
Jean,NOUN-PROP,147
banda,NOUN,147
Swieqi,NOUN-PROP,147
Furjana,NOUN,147
mentali,ADJ,147
rċieva,VERB,147
Red,NOUN-PROP,147
jipproduċu,VERB,147
awtorizzati,PART-PASS,147
liċenzi,NOUN,147
Pierre,NOUN-PROP,147
tisma',VERB,147
klijenti,NOUN,146
siti,NOUN,146
ħdax,NUM-CRD,146
kodiċi,NOUN,146
Protokoll,NOUN,146
Protezzjoni,NOUN,146
Arriva,NOUN-PROP,146
rebħet,VERB,146
kandidat,NOUN,146
offerta,NOUN,146
Bonnici,NOUN-PROP,146
poġġa,VERB,146
tradizzjoni,NOUN,146
konsegwenzi,NOUN,146
sema,NOUN,146
Żebbuġ,NOUN-PROP,146
fqar,NOUN,146
mexxejja,NOUN,145
verżjoni,NOUN,145
DAN,NOUN-PROP,145
ordnat,VERB,145
Spjega,VERB,145
ċert,ADJ,145
SUSSIDJARJA,NOUN,145
kapitali,ADJ,145
LEĠISLAZZJONI,NOUN,145
jingħaqdu,VERB,145
ngħidlek,VERB,145
sezzjoni,NOUN,145
uġigħ,NOUN,145
fadal,VERB,145
iħallas,VERB,145
qalbhom,NOUN,144
ċerimonja,NOUN,144
mindu,CONJ-SUB,144
analiżi,NOUN,144
sorijiet,NOUN,144
Taljani,ADJ,144
separatament,ADV,144
ridt,VERB,144
-is,NOUN,144
Stefan,NOUN-PROP,144
manifattura,NOUN,144
huwiex,PRON-PERS-NEG,144
jgħoddu,VERB,143
jżommu,VERB,143
Avukat,NOUN,143
Sport,NOUN,143
spiritwali,ADJ,143
Mercieca,NOUN-PROP,143
Stars,NOUN-PROP,143
ħadem,VERB,143
żdied,VERB,143
jiftħu,VERB,143
avukat,NOUN,143
Iktar,ADV,143
tellieqa,NOUN,143
preżentazzjoni,NOUN,143
jiswa,VERB,143
aħmar,ADJ,143
Taljana,ADJ,143
warajh,PREP-PRON,142
Franċiżi,NOUN-PROP,142
tela',VERB,142
Bezzina,NOUN-PROP,142
xorti,NOUN,142
deskrizzjoni,NOUN,142
naqas,VERB,142
jimxu,VERB,142
nieqsa,PART-ACT,142
Drittijiet,NOUN,141
Andrew,NOUN-PROP,141
but,NOUN,141
moħħu,NOUN,141
joħolqu,VERB,141
aġenzija,NOUN,141
Hawn,ADV,141
introduzzjoni,NOUN,141
pussess,NOUN,141
marbut,PART-PASS,141
kontinwu,ADJ,141
kera,NOUN,141
mediċina,NOUN,141
obbligi,NOUN,141
tirċievi,VERB,141
assigurazzjoni,NOUN,141
ġnien,NOUN,141
tipi,NOUN,141
Bormla,NOUN-PROP,141
titolu,NOUN,141
teħtieġ,VERB,140
magħluqa,PART-PASS,140
fiżika,ADJ,140
Uffiċjali,ADJ,140
jitla',VERB,140
sewwieqa,NOUN,140
kappillan,NOUN,140
kontribut,NOUN,140
tistenna,VERB,140
infermiera,NOUN,140
massimu,NOUN,140
kelliem,NOUN,139
privati,ADJ,139
figuri,NOUN,139
Calleja,NOUN-PROP,139
setturi,NOUN,139
gwida,NOUN,139
żżomm,VERB,139
fatturi,NOUN,139
ruħi,PRON-REF,139
ngħatat,VERB,139
sala,NOUN,139
rari,ADJ,139
tkellmu,VERB,139
Żied,VERB,139
tħoss,VERB,139
Pace,NOUN-PROP,139
istil,NOUN,139
ċentrali,ADJ,138
Ingliżi,ADJ,138
nifhmu,VERB,138
ingħataw,VERB,138
deputat,NOUN,138
kbar,NOUN,138
mira,NOUN,138
daqsxejn,QUAN,138
jindika,VERB,138
bidliet,NOUN,138
iwassal,VERB,138
Ġiljan,NOUN-PROP,138
forom,NOUN,138
lejla,NOUN,138
assistenza,NOUN,138
sempliċiment,ADV,138
bastimenti,NOUN,138
JOE,NOUN-PROP,138
essenzjali,ADJ,138
ħoss,NOUN,138
jilħqu,VERB,138
Kieku,CONJ-SUB,138
twemmin,NOUN,138
qablu,VERB,138
midja,NOUN,138
jixtru,VERB,138
tiftaħ,VERB,138
assoċjazzjoni,NOUN,138
anzi,CONJ-CORD,137
dehru,VERB,137
interessati,PART-PASS,137
deroga,NOUN,137
daqstant,ADV,137
qgħad,NOUN,137
qraba,NOUN,137
qarrejja,NOUN,137
Isqfijiet,NOUN,137
jitlaq,VERB,137
għajr,PREP,137
mietet,VERB,137
prinċipal,NOUN,137
viżjoni,NOUN,137
identifikazzjoni,NOUN,137
penalty,NOUN,137
Eurovision,NOUN,136
jinżamm,VERB,136
ħut,NOUN,136
premju,NOUN,136
setgħa,NOUN,136
Tajjeb,ADJ,136
sostenn,NOUN,136
jintbagħtu,VERB,136
tadam,NOUN,136
Waħda,NUM-WHD,136
kreditu,NOUN,136
sfida,NOUN,136
parkeġġ,NOUN,136
Marsaxlokk,NOUN-PROP,136
Żgur,ADV,136
nota,NOUN,136
ħallew,VERB,136
Indja,NOUN-PROP,135
ekwivalenti,ADJ,135
attendew,VERB,135
postu,NOUN,135
għasafar,NOUN,135
oppożizzjoni,NOUN,135
użat,VERB,135
prinċipju,NOUN,135
lukanda,NOUN,135
deċiż,PART-PASS,135
jirbħu,VERB,135
kwistjonijiet,NOUN,135
ilsien,NOUN,135
għoli,NOUN,135
gowler,NOUN,135
statistika,ADJ,135
qligħ,NOUN,135
Fund,NOUN,135
semifinali,ADJ,134
jieqaf,VERB,134
iswed,ADJ,134
iebsa,ADJ,134
ħassejt,VERB,134
melħ,NOUN,134
twaqqaf,VERB,134
Bayern,NOUN-PROP,134
penalties,NOUN,134
president,NOUN,134
speċifikati,PART-PASS,134
Numru,NOUN,134
Irrid,VERB,134
Billi,CONJ-SUB,134
Tal-,GEN-DEF,134
segwit,PART-PASS,133
jiksbu,VERB,133
s',NOUN,133
jagħżlu,VERB,133
policy,NOUN,133
dinjità,NOUN,133
miexi,PART-ACT,133
Quddiesa,NOUN,133
figura,NOUN,133
żewġha,NOUN,133
jitgħallmu,VERB,133
kumplament,NOUN,132
elenkati,PART-PASS,132
isfidi,NOUN,132
skop,NOUN,132
maħsuba,PART-PASS,132
kant,NOUN,132
reliġjużi,NOUN,132
appella,VERB,132
Karl,NOUN-PROP,132
lilna,LIL-PRON,132
konċernati,PART-PASS,132
oħra,NOUN,132
amministrattivi,ADJ,132
Tant,ADV,132
posta,NOUN,132
Malli,CONJ-SUB,132
itfal,NOUN,132
rebbiegħa,NOUN,132
La,CONJ-SUB,131
Louise,NOUN-PROP,131
prattiċi,ADJ,131
emenda,NOUN,131
Daniel,NOUN-PROP,131
disposizzjoni,NOUN,131
nitlob,VERB,131
uliedhom,NOUN,131
Ġust,NOUN-PROP,131
sfortunatament,ADV,131
immedjatament,ADV,131
Bdejt,VERB,131
House,NOUN-PROP,131
rnexxielu,VERB,131
ħajtek,NOUN,131
zkuk,NOUN,131
Apparti,ADV,131
sagħtejn,NOUN,131
operat,NOUN,131
Dakinhar,ADV,130
lejh,PREP-PRON,130
Sakemm,CONJ-SUB,130
għalaq,VERB,130
aħwa,NOUN,130
tiġbor,VERB,130
quddiemu,PREP-PRON,130
Schembri,NOUN-PROP,130
qrib,ADV,130
ifittex,VERB,130
Għawdxin,NOUN,130
Fond,NOUN-PROP,129
ġurnalist,NOUN,129
jiffurmaw,VERB,129
Eġittu,NOUN-PROP,129
msemmi,PART-PASS,129
bidwi,NOUN,129
tiġrija,NOUN,129
Hamrun,NOUN-PROP,129
sess,NOUN,129
nisimgħu,VERB,129
jixtri,VERB,129
Ta',NOUN-PROP,129
disa',NOUN,129
ħarsa,NOUN,129
għedt,VERB,129
dieħel,PART-ACT,129
Alex,NOUN-PROP,129
kollaborazzjoni,NOUN,129
kilometru,NOUN,129
priġunieri,NOUN,129
magħżula,PART-PASS,128
raw,VERB,128
jorganizza,VERB,128
diġa',VERB,128
bniet,NOUN,128
vuċi,NOUN,128
idu,NOUN,128
kuntrattur,NOUN,128
pożittiva,ADJ,128
sirt,VERB,128
naħsbu,VERB,128
referendum,NOUN,128
doganali,ADJ,128
globali,ADJ,128
okkupant,NOUN,128
murija,PART-PASS,128
trabi,NOUN,128
impressjoni,NOUN,127
ulied,NOUN,127
kas,NOUN,127
kurrenti,ADJ,127
roti,NOUN,127
skurjaw,VERB,127
aġenziji,NOUN,127
aħdar,ADJ,127
Riżorsi,NOUN,127
tifhem,VERB,127
sbuħija,NOUN,127
Kurja,NOUN,127
mejda,NOUN,127
artijiet,NOUN,127
jfissirx,VERB,127
reali,ADJ,126
smajt,VERB,126
Park,NOUN,126
veru,ADV,126
Anzi,ADV,126
tekniku,ADJ,126
jagħżel,VERB,126
nixtru,VERB,126
frażi,NOUN,126
kontribuzzjoni,NOUN,126
jitilfu,VERB,126
Marco,NOUN-PROP,126
ġol-,PREP-DEF,126
stock,NOUN,126
Gazzetta,NOUN,126
preparazzjoni,NOUN,126
waqa',VERB,126
wettaq,VERB,126
Mal-,PREP-DEF,126
jitħallew,VERB,126
dam,VERB,125
armi,NOUN,125
Louis,NOUN-PROP,125
miżura,PART-PASS,125
sett,NOUN,125
meħuda,PART-PASS,125
toħloq,VERB,125
Grima,NOUN-PROP,125
Barcelona,NOUN-PROP,125
nisma',VERB,125
jispjega,VERB,125
kwarti,NOUN,125
Sadanittant,ADV,125
taz-,GEN-DEF,125
privata,ADJ,125
Turiżmu,NOUN,125
paragrafi,NOUN,125
dixxiplina,NOUN,125
iġib,VERB,124
inħoss,VERB,124
Servizz,NOUN,124
serata,NOUN,124
inizjattivi,NOUN,124
inċidenti,NOUN,124
jħares,VERB,124
djalogu,NOUN,124
emendata,PART-PASS,124
gazzetti,NOUN,124
rat,VERB,124
espressjoni,NOUN,124
Qalet,VERB,124
niġu,VERB,124
sittax,NUM-CRD,124
Imġarr,NOUN-PROP,123
diffikultà,NOUN,123
Caritas,NOUN-PROP,123
jwasslu,VERB,123
qishom,VERB-PSEU,123
naqra,VERB,123
Taljan,NOUN,123
abort,NOUN,123
kuntrarju,NOUN,123
tilfet,VERB,123
qrib,NOUN,123
ordnijiet,NOUN,123
miksuba,PART-PASS,123
General,ADJ,123
Gżejjer,NOUN,123
saqajn,NOUN,123
miegħek,PREP-PRON,123
ovvjament,ADV,123
premium,NOUN,123
draw,NOUN,123
kompetizzjonijiet,NOUN,122
piena,NOUN,122
tilgħab,VERB,122
ngħix,VERB,122
pariri,NOUN,122
Ma',PREP,122
Arsenal,NOUN-PROP,122
reġjun,NOUN,122
ħieles,PART-ACT,122
jħallas,VERB,122
wasla,NOUN,122
Logħob,NOUN,122
Euratom,NOUN-PROP,122
sorsi,NOUN,122
Zahra,NOUN-PROP,122
Nemmen,VERB,122
imsejħa,PART-PASS,122
pjazza,NOUN,122
Wied,NOUN,122
temi,NOUN,122
pjanijiet,NOUN,122
għaldaqstant,ADV,122
qaltli,VERB,122
ġeneru,NOUN,122
serju,ADJ,121
ħiliet,NOUN,121
reġistrat,PART-PASS,121
antika,ADJ,121
emigranti,NOUN,121
jħossu,VERB,121
Estate,NOUN-PROP,121
telqu,VERB,121
tazza,NOUN,121
bdejna,VERB,121
twettaq,VERB,121
basta,FOC,121
ispazju,NOUN,121
umana,ADJ,121
finanzjament,ADV,121
jilgħabu,VERB,121
Kampjonati,NOUN,121
Sant',NOUN-PROP,121
i,VERB,121
pjuttost,ADV,121
tmintax,VERB,121
ċelebrazzjonijiet,NOUN,121
tinżamm,VERB,121
timxi,VERB,120
saċerdoti,NOUN,120
dettaljati,PART-PASS,120
konferma,NOUN,120
instab,VERB,120
Luke,NOUN-PROP,120
għalliem,NOUN,120
evidenza,NOUN,120
tapplika,VERB,120
Kapitolu,NOUN,120
sensiela,NOUN,120
ġenerazzjoni,NOUN,120
naslu,VERB,120
tmiss,VERB,120
uffiċjalment,ADV,120
konsekuttiva,ADJ,120
mexxej,NOUN,120
taqsimiet,NOUN,120
jħobbu,VERB,120
iħossu,VERB,120
serji,ADJ,120
pajjiżu,NOUN,120
vera,ADV,120
Palazz,NOUN,120
intenzjoni,NOUN,120
bandiera,NOUN,120
rank,NOUN,120
riżenja,NOUN,120
professjoni,NOUN,120
stabbli,ADJ,120
użata,PART-PASS,120
operaturi,NOUN,119
O,NOUN-PROP,119
part,ADJ,119
rġiel,NOUN,119
tieqa,NOUN,119
paġni,NOUN,119
bibien,NOUN,119
nkomplu,VERB,119
minuri,ADJ,119
volum,NOUN,119
ministeru,NOUN,119
attakki,NOUN,119
għalqa,NOUN,119
Twitter,NOUN-PROP,119
pazjent,NOUN,119
konsumaturi,NOUN,119
investigazzjonijiet,NOUN,119
effiċjenti,ADJ,119
ċertifikazzjoni,NOUN,119
ġuħ,NOUN,119
stampa,ADJ,119
Group,NOUN,119
proviżorju,NOUN,118
kummissjoni,NOUN,118
primarja,ADJ,118
jippreżenta,VERB,118
tnissil,NOUN,118
voluntiera,NOUN,118
missierha,NOUN,118
atleta,NOUN,118
tifsira,NOUN,118
Barra,PREP,118
Konferenza,NOUN,118
Barranin,ADJ,118
kelliema,NOUN,118
ħames,NUM-ORD,118
jiġru,VERB,118
miktuba,PART-PASS,118
inkluża,PREP,118
Ħaż,NOUN-PROP,118
torganizza,VERB,117
Victoria,NOUN-PROP,117
ħamra,ADJ,117
artisti,NOUN,117
midalja,NOUN,117
Lija,NOUN-PROP,117
konsumatur,NOUN,117
itwal,ADJ,117
approvata,PART-PASS,117
sub,NOUN,117
Franco,NOUN-PROP,117
trasparenza,NOUN,117
rappreżentant,NOUN,117
mejjet,PART-ACT,117
saqaf,NOUN,117
rawnd,NOUN,117
fidda,NOUN,117
serje,NOUN,117
ġeneralment,ADV,117
jemmnu,VERB,117
ajruplani,NOUN,116
xtaq,VERB,116
iħobb,VERB,116
ħass,VERB,116
titoli,VERB,116
attiv,ADJ,116
attakkant,NOUN,116
Kbir,ADJ,116
nerġgħu,VERB,116
difensur,NOUN,116
propju,ADJ,116
Għandhom,VERB-PSEU,116
Kabinett,NOUN,116
tistabbilixxi,VERB,116
Accountant,NOUN,116
medika,ADJ,116
Christian,NOUN-PROP,116
jiżgura,VERB,116
sħabi,NOUN,116
Pembroke,NOUN-PROP,116
mitlub,PART-PASS,116
kappella,NOUN,116
korpi,NOUN,116
Alan,NOUN-PROP,115
aħħarnett,ADV,115
Bugeja,NOUN-PROP,115
kellux,VERB-PSEU,115
qalilna,VERB,115
konklużjoni,NOUN,115
ħielsa,PART-ACT,115
tibgħat,VERB,115
bqajt,VERB,115
Xuereb,NOUN-PROP,115
Kelli,VERB-PSEU,115
LEGALI,ADJ,115
tonqos,VERB,115
Sfortunatament,ADV,115
jirtira,VERB,115
jidhirlu,VERB,115
Spartans,NOUN-PROP,114
maħruġ,PART-PASS,114
ingħatat,VERB,114
Sindku,NOUN,114
jiddependi,VERB,114
Ġermaniż,ADJ,114
organu,NOUN,114
nuqqasijiet,NOUN,114
aġenda,NOUN,114
unità,NOUN,114
jaċċetta,VERB,114
ċifri,NOUN,114
jifhmu,VERB,114
t,VERB,114
naqsu,VERB,114
Lanqas,FOC,113
persentaġġ,NOUN,113
Sammut,NOUN-PROP,113
vapuri,NOUN,113
jeżisti,VERB,113
sustanza,NOUN,113
jinbidlu,VERB,113
basketball,NOUN,113
Re,NOUN,113
delegazzjoni,NOUN,113
tilħaq,VERB,113
ħtiġijiet,NOUN,113
captain,NOUN,113
rota,NOUN,113
eżattament,ADV,113
nħallu,VERB,113
grazzja,NOUN,113
klima,NOUN,113
ommha,NOUN,113
tikkonsisti,VERB,113
Uffiċjal,NOUN,113
muturi,NOUN,113
FIFA,NOUN,113
mejta,PART-ACT,113
jitilqu,VERB,113
jaqbad,VERB,113
aħjar,NOUN,113
telgħu,VERB,113
Amerikana,ADJ,113
aħniex,PRON-PERS-NEG,113
mediku,ADJ,113
avventura,NOUN,112
LI,COMP,112
żdiedu,VERB,112
negattiv,ADJ,112
Birgu,NOUN-PROP,112
abbord,NOUN,112
sorveljanza,NOUN,112
tariffi,NOUN,112
Ġdid,NOUN-PROP,112
Programm,NOUN,112
Professur,NOUN,112
żagħżugħa,NOUN,112
kulma,COMP,112
ikolli,VERB-PSEU,112
proprjetarju,NOUN,112
iddeċieda,VERB,112
Federazzjoni,NOUN,112
valutazzjoni,NOUN,112
diskriminazzjoni,NOUN,112
Falzon,NOUN-PROP,111
allokati,PART-PASS,111
fuqi,PREP-PRON,111
Portugall,NOUN,111
Naturalment,ADV,111
mmexxija,PART-PASS,111
ħajjitha,NOUN,111
kwadru,ADJ,111
kantanti,NOUN,111
MIFSUD,NOUN-PROP,111
Iraq,NOUN-PROP,111
taqa',VERB,111
konċernat,PART-PASS,111
Legali,ADJ,111
AVVIŻ,NOUN,111
Steve,NOUN-PROP,111
ŻEE,NOUN,111
ibnu,NOUN,111
iżżomm,VERB,111
kullimkien,ADV,111
swieq,NOUN,111
films,NOUN,111
valida,ADJ,111
produttur,NOUN,111
imsejjaħ,PART-PASS,111
jippermetti,VERB,111
riħa,NOUN,110
Ġeneru,NOUN-PROP,110
KOMUNITAJIET,NOUN,110
tmut,VERB,110
Peress,PREP,110
iltaqa',VERB,110
pajjiżhom,NOUN,110
ismu,NOUN,110
riserva,NOUN,110
konklużjonijiet,NOUN,110
offerti,NOUN,110
qalb,PREP,110
tort,NOUN,110
impjant,NOUN,110
Anki,FOC,110
TAQSIMA,NOUN,110
Imdina,NOUN-PROP,110
temmen,VERB,110
miżjud,PART-PASS,110
tqis,VERB,110
nidħol,VERB,110
subparagrafu,NOUN,110
determinazzjoni,NOUN,110
kantant,NOUN,110
qalbek,NOUN,109
jitkabbru,VERB,109
baxx,ADJ,109
isfond,NOUN,109
Bl-,PREP-DEF,109
Union,NOUN-PROP,109
imkien,PRON-INDEF,109
stil,NOUN,109
jibni,VERB,109
Super,NOUN,109
tmexxi,VERB,109
ħelsien,NOUN,109
tiltaqa',VERB,109
Rainbows,NOUN-PROP,109
FARRUGIA,NOUN,109
wisq,ADJ,109
Ilbieraħ,ADV,109
ntqal,VERB,109
Vassallo,NOUN-PROP,109
liċ-,LIL-DEF,109
rabja,NOUN,109
studji,NOUN,109
avvenimenti,NOUN,109
kwota,NOUN,109
ppreżentat,PART-PASS,109
familjari,NOUN,109
omosesswali,ADJ,108
danni,NOUN,108
serja,ADJ,108
patata,NOUN,108
EWROPEJ,ADJ,108
ċkejken,ADJ,108
arma,NOUN,108
tista,VERB,108
dipartimenti,NOUN,108
Obama,NOUN-PROP,108
Nistgħu,VERB,108
tisqija,NOUN,108
nnifisha,PRON-REF,108
t',NOUN,108
Hawn,HEMM,108
maħtur,PART-PASS,107
għidt,VERB,107
xellug,NOUN,107
nħarsu,VERB,107
estensjoni,NOUN,107
Dalgħodu,ADV,107
vojta,ADJ,107
Kevin,NOUN-PROP,107
ommijiet,NOUN,107
Flimkien,ADV,107
ġirja,NOUN,107
Skeda,NOUN,107
ħsarat,NOUN,107
pastorali,NOUN,107
poeżija,NOUN,107
provditur,NOUN,107
semmejt,VERB,107
titjib,NOUN,107
jieklu,VERB,107
inħossni,VERB,107
kontinwament,ADV,107
maħtura,PART-PASS,107
tieqaf,VERB,107
qofol,NOUN,106
Qari,NOUN,106
diskussi,NOUN,106
konsiderazzjoni,NOUN,106
European,ADJ,106
nomina,NOUN,106
jaqblu,VERB,106
avukati,NOUN,106
tindika,VERB,106
klassijiet,NOUN,106
tabella,NOUN,106
Teatru,NOUN,106
Herrera,NOUN-PROP,106
tintlagħab,VERB,106
jiekol,VERB,106
rotta,NOUN,106
iniex,PRON-PERS-NEG,106
Buontempo,NOUN-PROP,106
nsaqqu,VERB,106
ross,NOUN,106
baxxa,ADJ,106
wasslu,VERB,105
mibgħuta,PART-PASS,105
Gżira,NOUN,105
idejhom,NOUN,105
Jew,CONJ-CORD,105
domanda,NOUN,105
Inti,PRON-PERS,105
indikazzjoni,NOUN,105
qegħda,NOUN,105
għajnejja,NOUN,105
GALEA,NOUN-PROP,105
konnessjoni,NOUN,105
tiġdid,NOUN,105
borża,NOUN,105
ċari,ADJ,105
bilanċ,ADV,105
xiex,PRON-INT,105
notifika,NOUN,105
jirreġistraw,VERB,105
inkluż,PREP,105
jilqgħu,VERB,105
tieġ,NOUN,105
talbu,VERB,105
weġġa',VERB,105
akkuża,NOUN,105
MICHAEL,NOUN-PROP,105
Ajax,NOUN-PROP,105
nirien,NOUN,105
udjenza,NOUN,105
imqar,ADV,105
potenzjal,NOUN,105
Awstrija,NOUN-PROP,105
eventwalment,ADV,105
mietu,VERB,105
possibli,ADJ,105
Franċiża,ADJ,105
jiżguraw,VERB,105
minni,PREP-PRON,105
akkwist,NOUN,105
jiftakar,VERB,105
Segretarjat,NOUN,104
għala,PRON-INT,104
daqskemm,CONJ-SUB,104
bdil,NOUN,104
trab,VERB,104
wasalna,VERB,104
żamm,VERB,104
kalendarja,ADJ,104
Inter,NOUN-PROP,104
tajjeb,NOUN,104
Finanzjarju,ADJ,104
ċentimetru,NOUN,104
talent,NOUN,104
anzjan,NOUN,104
ċentri,NOUN,104
hijiex,PRON-PERS-NEG,104
faċilment,ADV,104
limitat,PART-PASS,104
dehret,VERB,104
argumenti,NOUN,104
Fidi,NOUN,104
jħallsu,VERB,104
Santwarju,NOUN-PROP,104
Scerri,NOUN-PROP,104
jħallu,VERB,104
iqis,VERB,104
mmorru,VERB,104
komunitajiet,NOUN,104
sorpriża,NOUN,103
mħallsa,PART-PASS,103
kaptan,NOUN,103
dawra,NOUN,103
riedet,VERB,103
rigali,NOUN,103
kmamar,NOUN,103
Għandi,VERB-PSEU,103
marketing,NOUN,103
atti,NOUN,103
tneħħija,NOUN,103
kambjali,NOUN,103
Importanti,ADJ,103
proċedimenti,NOUN,103
taħlita,NOUN,103
XXVII,NOUN,103
tippermetti,VERB,103
dlam,NOUN,103
destinazzjoni,NOUN,103
jeħel,VERB,103
St,NOUN-PROP,103
Persuni,NOUN,103
bastiment,NOUN,102
karità,NOUN,102
Mogħti,NOUN-PROP,102
Monodelphis,NOUN-PROP,102
rakkomandazzjonijiet,NOUN,102
rashom,NOUN,102
jilqa',VERB,102
proporzjon,NOUN,102
jiżviluppa,VERB,102
twieldet,VERB,102
stmat,PART-PASS,102
jaqra,VERB,102
ħelu,ADV,102
provvista,NOUN,102
Amerka,NOUN-PROP,102
stabbiliti,NOUN,102
naqra,NOUN,102
aġent,ADJ,102
żfin,NOUN,102
jitilgħu,VERB,102
Għada,ADV,102
qaddis,NOUN,102
waħdi,ADV,102
jaqbdu,VERB,102
jistaqsi,VERB,102
ili,VERB-PSEU,102
Għid,NOUN,102
jitħalla,VERB,102
Sports,NOUN-PROP,102
lezzjonijiet,NOUN,102
setgħux,VERB,102
ispirtu,NOUN,102
qabeż,VERB,102
Pero,NOUN-PROP,102
parroċċi,NOUN,102
Ewro,NOUN-PROP,101
iwettaq,VERB,101
ngħinu,VERB,101
ħadmu,VERB,101
wasalt,VERB,101
mediċini,NOUN,101
zokkor,NOUN,101
maqsuma,PART-PASS,101
Roma,NOUN-PROP,101
jinstab,VERB,101
sikwit,NOUN,101
riżerva,NOUN,101
Saħaq,VERB,101
sptar,NOUN,101
tħabbar,VERB,101
OMĠ,NOUN,101
kwart,NUM-FRC,101
jservi,VERB,101
partikulari,ADJ,101
bħallikieku,CONJ-SUB,101
reliġjuż,ADJ,101
sospensjoni,NOUN,101
libsa,NOUN,101
jkollux,VERB,101
definizzjoni,NOUN,101
sapport,NOUN,101
emerġenza,NOUN,101
Zanetti,NOUN-PROP,101
folla,NOUN,101
siegħat,NOUN,101
kuntenti,ADJ,101
gvernijiet,NOUN,101
Stephen,NOUN-PROP,101
wasslet,VERB,101
Preżenti,ADJ,101
ġilda,NOUN,101
